sweep,x,strategy,seed,dtype,n_agents,density,soc,makespan,soc_total,steps,nominal_soc,nominal_makespan,tasks_done,tasks_total,tasks_lost,all_done,collisions,guard_hits,n_disruptions,messages,soc_overhead,altered_mean,collateral_mean,direct_mean,repair_ms_mean,msgs_per_disruption,tier1,tier2,tier3,tier4,tier5,wall_s
density,0.0,local,3,mixed,20,0.0,2475,199,2955,233,2292,150,62,62,0,True,0,0,4,158,183,2.25,0.25,2.0,9.922312499838881,39.5,7,0,2,0,0,0.2131589589989744
density,0.0,local,5,mixed,20,0.0,2496,174,2970,194,2367,150,62,62,0,True,0,0,4,268,129,3.5,0.75,2.75,26.846812266740017,67.0,7,2,4,0,0,0.24247558298520744
density,0.0,local,1,mixed,20,0.0,2656,177,3201,200,2532,167,62,62,0,True,0,0,4,118,124,1.5,0.25,1.25,17.755166481947526,29.5,4,2,0,0,0,0.26920679199974984
density,0.0,local,0,mixed,20,0.0,2740,248,3346,279,2584,175,62,62,0,True,0,0,4,78,156,1.25,0.0,1.25,5.67875022534281,19.5,5,0,0,0,0,0.2819129999843426
density,0.0,local,8,mixed,20,0.0,2537,191,2951,225,2370,148,62,62,0,True,0,0,4,259,167,3.5,0.25,3.25,38.7431354902219,64.75,10,3,0,0,0,0.2993684589746408
density,0.0,local,7,mixed,20,0.0,2744,231,3268,255,2547,164,62,62,0,True,0,0,4,205,197,2.0,0.0,2.0,57.61370850086678,51.25,8,0,0,0,0,0.4022213750286028
density,0.0,local,9,mixed,20,0.0,2549,178,3024,185,2443,173,62,62,0,True,0,0,4,65,106,1.25,0.0,1.25,6.78426050581038,16.25,5,0,0,0,0,0.21513666695682332
density,0.0,local,2,mixed,20,0.0,2529,176,3032,195,2395,148,62,62,0,True,0,0,4,161,134,1.75,0.0,1.75,75.89438551804051,40.25,7,0,0,0,0,0.4459259580471553
density,0.0,solo,3,mixed,20,0.0,2478,199,2960,233,2292,150,62,62,0,True,0,0,4,29,186,2.0,0.0,2.0,5.307198007358238,7.25,8,0,0,0,0,0.1701159590156749
density,0.0,solo,1,mixed,20,0.0,2661,184,3208,207,2532,167,62,62,0,True,0,0,4,18,129,1.25,0.0,1.25,7.045104255666956,4.5,5,0,0,0,0,0.20951149996835738
density,0.0,solo,2,mixed,20,0.0,2529,176,3032,195,2395,148,62,62,0,True,0,0,4,19,134,1.75,0.0,1.75,11.790166739956476,4.75,7,0,0,0,0,0.20780362497316673
density,0.0,solo,0,mixed,20,0.0,2740,248,3346,279,2584,175,62,62,0,True,0,0,4,14,156,1.25,0.0,1.25,4.18401051138062,3.5,5,0,0,0,0,0.32416324998484924
density,0.0,solo,5,mixed,20,0.0,2498,174,2979,194,2367,150,62,62,0,True,0,0,4,87,131,2.75,0.0,2.75,12.536155991256237,21.75,10,0,0,0,0,0.1972951249917969
density,0.0,solo,8,mixed,20,0.0,2538,191,2959,225,2370,148,62,62,0,True,0,0,4,61,168,3.25,0.0,3.25,13.605978994746692,15.25,12,0,0,0,0,0.16890837502432987
density,0.0,solo,9,mixed,20,0.0,2549,178,3024,185,2443,173,62,62,0,True,0,0,4,11,106,1.25,0.0,1.25,2.390208246652037,2.75,5,0,0,0,0,0.19484141597058624
density,0.0,solo,7,mixed,20,0.0,2744,231,3268,255,2547,164,62,62,0,True,0,0,4,21,197,2.0,0.0,2.0,11.430010519688949,5.25,8,0,0,0,0,0.21399358398048207
density,0.0,solo,6,mixed,20,0.0,2426,155,3000,180,2318,145,62,62,0,True,0,0,4,14,108,1.0,0.0,1.0,11.026364503777586,3.5,4,0,0,0,0,0.2436660840176046
density,0.0,local,6,mixed,20,0.0,2426,155,3000,180,2318,145,62,62,0,True,0,0,4,146,108,1.0,0.0,1.0,127.40483348898124,36.5,4,0,0,0,0,0.690703250002116
density,0.0,solo,4,mixed,20,0.0,2519,241,2888,262,2369,159,62,62,0,True,0,0,4,90,150,5.25,0.0,5.25,75.92766676680185,22.5,19,0,0,0,0,0.4487179159768857
density,0.0,full,3,mixed,20,0.0,2481,190,2968,224,2292,150,62,62,0,True,0,0,4,160,189,12.5,10.25,2.25,32.00560399272945,40.0,0,0,0,0,80,0.2846671249717474
density,0.0,full,1,mixed,20,0.0,2620,174,3196,200,2532,167,62,62,0,True,0,0,4,160,88,14.5,13.25,1.25,46.10664551728405,40.0,0,0,0,0,80,0.36463224998442456
density,0.0,full,6,mixed,20,0.0,2410,147,2980,182,2318,145,62,62,0,True,0,0,4,160,92,14.5,13.0,1.5,45.74447876075283,40.0,0,0,0,0,80,0.3245504999649711
density,0.0,full,2,mixed,20,0.0,2516,188,3014,204,2395,148,62,62,0,True,0,0,4,160,121,14.0,12.25,1.75,52.8204997535795,40.0,0,0,0,0,80,0.37602479103952646
density,0.0,full,5,mixed,20,0.0,2492,174,2969,191,2367,150,62,62,0,True,0,0,4,203,125,10.25,7.5,2.75,50.30470849305857,50.75,0,0,0,0,76,0.3353710409719497
density,0.0,full,0,mixed,20,0.0,2736,243,3341,274,2584,175,62,62,0,True,0,0,4,160,152,15.5,14.5,1.0,62.12672925903462,40.0,0,0,0,0,80,0.5135465000057593
density,0.0,full,8,mixed,20,0.0,2507,188,2923,222,2370,148,62,62,0,True,0,0,4,174,137,10.75,7.5,3.25,18.848469233489595,43.5,0,0,0,0,76,0.18655199999921024
density,0.0,full,4,mixed,20,0.0,2446,230,2814,251,2369,159,62,62,0,True,0,0,4,191,77,15.5,9.25,6.25,105.35651024838444,47.75,0,0,0,0,73,0.5429445410263725
density,0.02,local,2,mixed,20,0.02,2548,179,3052,201,2395,148,62,62,0,True,0,0,9,136,153,1.5555555555555556,0.3333333333333333,1.2222222222222223,8.756597332345942,15.11111111111111,8,6,0,0,0,0.2329253329662606
density,0.0,local,4,mixed,20,0.0,2493,241,2858,262,2369,159,62,62,0,True,0,0,4,535,124,6.5,0.75,5.75,312.77930225769524,133.75,19,0,5,0,0,1.3698258330114186
density,0.0,full,9,mixed,20,0.0,2551,178,3027,185,2443,173,62,62,0,True,0,0,4,160,108,11.75,10.5,1.25,55.284989750362,40.0,0,0,0,0,80,0.42914804100291803
density,0.02,local,1,mixed,20,0.02,2746,229,3300,256,2532,167,62,62,0,True,0,0,9,161,214,1.7777777777777777,0.0,1.7777777777777777,21.7376343272109,17.88888888888889,16,0,0,0,0,0.4005900839692913
density,0.02,local,3,mixed,20,0.02,2453,202,2862,223,2292,150,62,62,0,True,0,0,9,433,161,2.6666666666666665,0.0,2.6666666666666665,26.36923120977978,48.111111111111114,23,0,0,0,0,0.4018101249821484
density,0.02,local,6,mixed,20,0.02,2522,184,3092,221,2318,145,62,62,0,True,0,0,9,114,204,1.7777777777777777,0.2222222222222222,1.5555555555555556,7.487342563561267,12.666666666666666,12,2,2,0,0,0.2515216249739751
density,0.0,full,7,mixed,20,0.0,2788,212,3317,236,2547,164,62,62,0,True,0,0,4,160,241,14.75,12.75,2.0,149.60340625839308,40.0,0,0,0,0,80,0.7732136250124313
density,0.02,local,5,mixed,20,0.02,2513,159,3024,187,2367,150,62,62,0,True,0,0,9,285,146,1.7777777777777777,0.2222222222222222,1.6666666666666667,29.70567566808313,31.666666666666668,14,0,3,0,0,0.42970983404666185
density,0.02,local,4,mixed,20,0.02,2517,201,2978,216,2369,159,62,62,0,True,0,0,9,398,148,2.3333333333333335,0.0,2.3333333333333335,51.65537955084195,44.22222222222222,20,1,0,0,0,0.5687583750113845
density,0.02,solo,1,mixed,20,0.02,2746,229,3300,256,2532,167,62,62,0,True,0,0,9,43,214,1.7777777777777777,0.0,1.7777777777777777,4.936995560355071,4.777777777777778,16,0,0,0,0,0.21682400000281632
density,0.02,solo,3,mixed,20,0.02,2453,202,2862,223,2292,150,62,62,0,True,0,0,9,117,161,2.6666666666666665,0.0,2.6666666666666665,6.701791781880375,13.0,23,0,0,0,0,0.15881495899520814
density,0.02,solo,2,mixed,20,0.02,2570,194,3076,216,2395,148,62,62,0,True,0,0,9,21,175,1.2222222222222223,0.0,1.2222222222222223,4.6228564460761845,2.3333333333333335,11,0,0,0,0,0.19756424997467548
density,0.02,solo,0,mixed,20,0.02,2734,206,3120,218,2584,175,62,62,0,True,0,0,9,91,150,2.5555555555555554,0.0,2.5555555555555554,11.889152765636227,10.11111111111111,21,0,0,0,0,0.3942479580291547
density,0.02,solo,4,mixed,20,0.02,2520,201,2984,216,2369,159,62,62,0,True,0,0,9,58,151,2.3333333333333335,0.0,2.3333333333333335,7.34747222547109,6.444444444444445,21,0,0,0,0,0.1570898339850828
density,0.02,solo,5,mixed,20,0.02,2511,157,3027,180,2367,150,62,62,0,True,0,0,9,29,144,1.5555555555555556,0.0,1.6666666666666667,5.384060004467352,3.2222222222222223,15,0,0,0,0,0.1695670000044629
density,0.02,local,8,mixed,20,0.02,2565,179,3092,196,2370,148,62,62,0,True,0,0,9,534,195,2.4444444444444446,0.3333333333333333,2.111111111111111,51.69448577928253,59.333333333333336,20,0,2,0,0,0.5848049580235966
density,0.02,local,9,mixed,20,0.02,2591,196,3022,200,2443,173,62,62,0,True,0,0,9,399,148,2.5555555555555554,0.1111111111111111,2.4444444444444446,45.01481466124662,44.333333333333336,19,0,3,0,0,0.6009617919917218
density,0.02,solo,6,mixed,20,0.02,2525,184,3095,221,2318,145,62,62,0,True,0,0,9,46,207,1.5555555555555556,0.0,1.5555555555555556,5.431643564305786,5.111111111111111,14,0,0,0,0,0.21524124999996275
density,0.02,solo,7,mixed,20,0.02,2680,188,3204,219,2547,164,62,62,0,True,0,0,9,27,133,1.3333333333333333,0.0,1.3333333333333333,8.840323904425732,3.0,12,0,0,0,0,0.21429308300139382
density,0.02,solo,8,mixed,20,0.02,2569,179,3099,196,2370,148,62,62,0,True,0,0,9,90,199,2.3333333333333335,0.2222222222222222,2.111111111111111,11.475402790690877,10.0,21,0,0,0,0,0.21208849997492507
density,0.02,solo,9,mixed,20,0.02,2603,196,3033,200,2443,173,62,62,0,True,0,0,9,77,160,2.4444444444444446,0.0,2.4444444444444446,10.493125333192033,8.555555555555555,21,0,0,0,0,0.29912208300083876
density,0.02,local,7,mixed,20,0.02,2676,188,3194,219,2547,164,62,62,0,True,0,0,9,348,129,1.3333333333333333,0.0,1.3333333333333333,74.6448148921546,38.666666666666664,11,0,1,0,0,0.8223191249999218
density,0.02,local,0,mixed,20,0.02,2706,206,3082,218,2584,175,62,62,0,True,0,0,9,545,122,3.0,0.4444444444444444,2.5555555555555554,112.30575466632014,60.55555555555556,16,4,5,0,0,1.3599304580129683
density,0.02,full,1,mixed,20,0.02,2736,233,3310,260,2532,167,62,62,0,True,0,0,9,360,204,10.444444444444445,8.88888888888889,1.5555555555555556,26.467185344598775,40.0,0,0,0,0,180,0.436280791007448
density,0.02,full,3,mixed,20,0.02,2429,188,2834,209,2292,150,62,62,0,True,0,0,9,365,137,7.666666666666667,5.444444444444445,2.2222222222222223,49.8778979979559,40.55555555555556,0,0,0,0,178,0.588700208987575
density,0.02,full,4,mixed,20,0.02,2529,190,2987,205,2369,159,62,62,0,True,0,0,9,360,160,11.444444444444445,8.88888888888889,2.5555555555555554,55.064495116110066,40.0,0,0,0,0,180,0.6138804999645799
density,0.02,full,7,mixed,20,0.02,2713,176,3237,207,2547,164,62,62,0,True,0,0,9,360,166,10.222222222222221,9.222222222222221,1.0,41.524088120139716,40.0,0,0,0,0,180,0.5202724999981001
density,0.02,full,2,mixed,20,0.02,2573,168,3074,191,2395,148,62,62,0,True,0,0,9,360,178,9.444444444444445,8.222222222222221,1.2222222222222223,71.74635677882988,40.0,0,0,0,0,180,0.7324172499938868
density,0.02,full,6,mixed,20,0.02,2525,173,3106,210,2318,145,62,62,0,True,0,0,9,360,207,9.444444444444445,7.888888888888889,1.5555555555555556,46.308379782001595,40.0,0,0,0,0,180,0.591727124992758
density,0.02,full,0,mixed,20,0.02,2703,186,3050,208,2584,175,62,62,0,True,0,0,9,361,119,10.555555555555555,8.0,2.5555555555555554,77.19243989170839,40.111111111111114,0,0,0,0,169,0.9143717500264756
density,0.02,full,5,mixed,20,0.02,2520,160,3065,188,2367,150,62,62,0,True,0,0,9,360,153,10.444444444444445,9.0,1.4444444444444444,66.82428700150922,40.0,0,0,0,0,180,0.7381491670385003
density,0.02,full,9,mixed,20,0.02,2634,190,3029,204,2443,173,62,62,0,True,0,0,9,376,191,9.555555555555555,7.0,2.5555555555555554,25.53349065904816,41.77777777777778,0,0,0,0,175,0.425373625010252
density,0.02,full,8,mixed,20,0.02,2561,168,3096,188,2370,148,62,62,0,True,0,0,9,360,191,12.222222222222221,10.222222222222221,2.0,68.10736577931999,40.0,0,0,0,0,180,0.7546932499972172
density,0.05,local,4,mixed,20,0.05,2579,192,3060,218,2369,159,62,62,0,True,0,0,18,682,210,2.3333333333333335,0.3888888888888889,1.9444444444444444,41.93600228043377,37.888888888888886,30,7,5,0,0,0.8330275000189431
density,0.05,local,7,mixed,20,0.05,2746,212,3257,222,2547,164,62,62,0,True,0,0,18,478,199,1.8333333333333333,0.16666666666666666,1.6666666666666667,37.08122216954103,26.555555555555557,27,6,0,0,0,0.787678207969293
density,0.05,local,3,mixed,20,0.05,2505,216,2957,246,2292,150,62,62,0,True,0,0,18,551,213,2.2222222222222223,0.1111111111111111,2.111111111111111,41.896659670682205,30.61111111111111,32,3,4,0,0,0.9087749170139432
density,0.05,local,6,mixed,20,0.05,2572,171,3029,210,2318,145,62,62,0,True,0,0,18,876,254,2.0555555555555554,0.1111111111111111,1.9444444444444444,46.35662494628276,48.666666666666664,32,2,2,0,0,1.0156281249946915
density,0.05,local,0,mixed,20,0.05,2814,210,3419,252,2584,175,62,62,0,True,0,0,18,505,230,1.8888888888888888,0.2777777777777778,1.6111111111111112,54.658715218667766,28.055555555555557,24,2,8,0,0,1.2286487909732386
density,0.05,solo,0,mixed,20,0.05,2835,214,3439,256,2584,175,62,62,0,True,0,0,18,67,251,1.5,0.0,1.5,8.928504562289971,3.7222222222222223,27,0,0,0,0,0.41523370798677206
density,0.05,solo,3,mixed,20,0.05,2541,220,2983,250,2292,150,62,62,0,True,0,0,18,106,249,2.0555555555555554,0.0,2.0555555555555554,10.881812496033186,5.888888888888889,36,0,0,0,0,0.35943116701673716
density,0.05,local,8,mixed,20,0.05,2606,228,3133,258,2370,148,62,62,0,True,0,0,18,502,236,1.9444444444444444,0.1111111111111111,1.8333333333333333,56.66685865920348,27.88888888888889,31,2,2,0,0,1.1514425419736654
density,0.05,solo,1,mixed,20,0.05,2808,201,3373,235,2532,167,62,62,0,True,0,0,18,135,276,3.0555555555555554,0.0,3.0555555555555554,23.23260888483168,7.5,55,0,0,0,0,0.620345333009027
density,0.05,solo,4,mixed,20,0.05,2586,197,3074,223,2369,159,62,62,0,True,0,0,18,95,217,1.8333333333333333,0.0,1.8333333333333333,13.03929166816589,5.277777777777778,33,0,0,0,0,0.3370475000119768
density,0.05,solo,2,mixed,20,0.05,2677,225,3129,244,2395,148,62,62,0,True,0,0,18,173,282,2.2777777777777777,0.0,2.2777777777777777,25.21482182136323,9.61111111111111,40,0,0,0,0,0.6275190000305884
density,0.05,local,5,mixed,20,0.05,2511,192,2866,216,2367,150,62,62,0,True,0,0,18,911,144,3.0555555555555554,0.2222222222222222,2.8333333333333335,96.28605078453096,50.611111111111114,45,2,6,0,0,1.852953833003994
density,0.05,solo,6,mixed,20,0.05,2562,186,3052,213,2318,145,62,62,0,True,0,0,18,133,244,2.111111111111111,0.0,2.111111111111111,11.502395839973664,7.388888888888889,37,0,0,0,0,0.41774191602598876
density,0.05,solo,5,mixed,20,0.05,2525,192,2881,216,2367,150,62,62,0,True,0,0,18,157,158,2.8333333333333335,0.0,2.8333333333333335,20.160930493148044,8.722222222222221,49,0,0,0,0,0.5011693750275299
density,0.05,solo,7,mixed,20,0.05,2781,223,3303,233,2547,164,62,62,0,True,0,0,18,76,234,1.7222222222222223,0.0,1.7222222222222223,15.804326320196397,4.222222222222222,31,0,0,0,0,0.43389954196754843
density,0.05,solo,8,mixed,20,0.05,2615,228,3149,258,2370,148,62,62,0,True,0,0,18,87,245,1.8333333333333333,0.0,1.8333333333333333,11.486736116542792,4.833333333333333,33,0,0,0,0,0.3304293330293149
density,0.05,solo,9,mixed,20,0.05,2588,190,3097,197,2443,173,62,62,0,True,0,0,18,123,145,2.0555555555555554,0.0,2.0555555555555554,13.11694906002635,6.833333333333333,37,0,0,0,0,0.43531354097649455
density,0.05,local,1,mixed,20,0.05,2746,188,3305,221,2532,167,62,62,0,True,0,0,18,1060,214,3.3333333333333335,0.3333333333333333,3.0,120.21062032888746,58.888888888888886,48,5,7,0,0,2.3412176249548793
density,0.05,local,9,mixed,20,0.05,2605,205,3106,209,2443,173,62,62,0,True,0,0,18,917,162,2.388888888888889,0.16666666666666666,2.2222222222222223,103.00965961262894,50.94444444444444,37,2,4,0,0,2.03784970799461
density,0.05,full,0,mixed,20,0.05,2799,208,3415,250,2584,175,62,62,0,True,0,0,18,720,215,7.611111111111111,5.888888888888889,1.7222222222222223,46.77963661055805,40.0,0,0,0,0,360,1.0689294999465346
density,0.05,full,3,mixed,20,0.05,2505,204,2987,242,2292,150,62,62,0,True,0,0,18,709,213,9.555555555555555,7.222222222222222,2.3333333333333335,61.69523839101506,39.388888888888886,0,0,0,0,350,1.2440621249843389
density,0.05,full,4,mixed,20,0.05,2650,188,3130,214,2369,159,62,62,0,True,0,0,18,720,281,10.555555555555555,8.166666666666666,2.388888888888889,68.88136804466033,40.0,0,0,0,0,360,1.355712958960794
density,0.05,full,6,mixed,20,0.05,2516,175,3041,202,2318,145,62,62,0,True,0,0,18,730,198,9.944444444444445,7.611111111111111,2.3333333333333335,54.33984483372316,40.55555555555556,0,0,0,0,358,1.1917860410176218
density,0.05,full,1,mixed,20,0.05,2794,206,3375,238,2532,167,62,62,0,True,0,0,18,720,262,11.055555555555555,8.666666666666666,2.388888888888889,85.07981244798026,40.0,0,0,0,0,360,1.7349459590041079
density,0.05,full,5,mixed,20,0.05,2460,182,2894,207,2367,150,62,62,0,True,0,0,18,710,93,7.0,4.333333333333333,2.6666666666666665,82.14045611223104,39.44444444444444,0,0,0,0,342,1.6072497080313042
density,0.05,full,2,mixed,20,0.05,2586,211,3065,230,2395,148,62,62,0,True,0,0,18,745,191,10.166666666666666,8.11111111111111,2.0555555555555554,93.23715744540095,41.388888888888886,0,0,0,0,347,1.8114001660142094
density,0.05,local,2,mixed,20,0.05,2632,220,3079,239,2395,148,62,62,0,True,0,0,18,1031,237,2.4444444444444446,0.2777777777777778,2.1666666666666665,210.9765623916044,57.27777777777778,33,2,8,0,0,3.9459185000159778
density,0.05,full,7,mixed,20,0.05,2811,212,3352,222,2547,164,62,62,0,True,0,0,18,720,264,9.11111111111111,6.944444444444445,2.1666666666666665,50.99370144630989,40.0,0,0,0,0,360,1.0765050830086693
density,0.05,full,9,mixed,20,0.05,2596,186,3084,190,2443,173,62,62,0,True,0,0,18,720,153,7.611111111111111,5.277777777777778,2.3333333333333335,37.86315505405784,40.0,0,0,0,0,360,0.8983792920480482
density,0.05,full,8,mixed,20,0.05,2576,211,3139,241,2370,148,62,62,0,True,0,0,18,720,206,9.0,7.111111111111111,1.8888888888888888,63.54532166410031,40.0,0,0,0,0,360,1.2422958749812096
density,0.1,local,2,mixed,20,0.1,2680,217,3183,238,2395,148,62,62,0,True,0,0,31,898,285,1.903225806451613,0.1935483870967742,1.7096774193548387,31.47737500858643,28.967741935483872,47,6,6,0,0,1.097820084018167
density,0.1,local,3,mixed,20,0.1,2593,219,3128,241,2292,150,62,62,0,True,0,0,31,1112,301,2.161290322580645,0.22580645161290322,1.935483870967742,43.09380109489505,35.87096774193548,49,7,11,0,0,1.5294009169447236
density,0.1,local,0,mixed,20,0.1,2844,207,3469,216,2584,175,62,62,0,True,0,0,31,1273,260,1.8709677419354838,0.06451612903225806,1.8064516129032258,59.63930645544502,41.064516129032256,54,4,0,0,0,2.1147735829581507
density,0.1,local,6,mixed,20,0.1,2597,215,3077,238,2318,145,62,62,0,True,0,0,31,1065,279,2.129032258064516,0.0967741935483871,2.032258064516129,43.23740055288879,34.354838709677416,59,4,2,0,0,1.5473309169756249
density,0.1,solo,0,mixed,20,0.1,2797,178,3420,212,2584,175,62,62,0,True,0,0,31,134,213,1.7741935483870968,0.0,1.7741935483870968,8.27381869913229,4.32258064516129,55,0,0,0,0,0.5464140000403859
density,0.1,solo,2,mixed,20,0.1,2757,227,3258,248,2395,148,62,62,0,True,0,0,31,116,362,1.7096774193548387,0.0,1.7096774193548387,8.223096838205933,3.7419354838709675,53,0,0,0,0,0.3711562089738436
density,0.1,local,4,mixed,20,0.1,2729,244,3123,266,2369,159,62,62,0,True,0,0,31,1198,360,2.7096774193548385,0.22580645161290322,2.4838709677419355,72.48683345143593,38.645161290322584,69,12,2,0,0,2.3583997499663383
density,0.1,solo,3,mixed,20,0.1,2678,219,3200,242,2292,150,62,62,0,True,0,0,31,214,386,2.064516129032258,0.0,2.064516129032258,9.942474388217011,6.903225806451613,64,0,0,0,0,0.4536985000013374
density,0.1,solo,6,mixed,20,0.1,2630,217,3113,240,2318,145,62,62,0,True,0,0,31,199,312,2.096774193548387,0.0,2.096774193548387,10.419884422463515,6.419354838709677,64,0,0,0,0,0.5204620420117863
density,0.1,solo,4,mixed,20,0.1,2842,212,3251,231,2369,159,62,62,0,True,0,0,31,312,473,2.5483870967741935,0.06451612903225806,2.4838709677419355,26.36588579832366,10.064516129032258,74,1,2,1,0,0.9335176250315271
density,0.1,solo,5,mixed,20,0.1,2796,238,3266,253,2367,150,62,62,0,True,0,0,31,242,429,2.3548387096774195,0.06451612903225806,2.2903225806451615,43.720573902265315,7.806451612903226,72,0,0,0,0,1.4788646249799058
density,0.1,solo,7,mixed,20,0.1,2922,219,3368,241,2547,164,62,62,0,True,0,0,31,213,375,2.032258064516129,0.12903225806451613,1.903225806451613,26.511425995493248,6.870967741935484,61,1,0,0,0,0.9771794579573907
density,0.1,local,9,mixed,20,0.1,2716,249,3135,275,2443,173,62,62,0,True,0,0,31,2201,273,3.096774193548387,0.6451612903225806,2.4516129032258065,101.88933065153597,71.0,72,10,13,1,0,3.4073207909823395
density,0.1,solo,1,mixed,20,0.1,3012,261,3484,291,2532,167,62,62,0,True,0,0,31,382,480,3.2903225806451615,0.2903225806451613,3.0,101.16966786201021,12.32258064516129,101,0,0,0,0,3.351858916983474
density,0.1,solo,8,mixed,20,0.1,3043,228,3616,257,2370,148,62,62,0,True,0,0,31,301,673,2.935483870967742,0.0967741935483871,2.838709677419355,91.19329564723998,9.709677419354838,90,1,0,0,0,2.9267629589885473
density,0.1,full,0,mixed,20,0.1,2855,180,3484,213,2584,175,62,62,0,True,0,0,31,1240,271,6.645161290322581,4.838709677419355,1.8064516129032258,59.38282126050082,40.0,0,0,0,0,620,2.070067083055619
density,0.1,solo,9,mixed,20,0.1,2834,256,3245,282,2443,173,62,62,0,True,0,0,31,509,391,3.096774193548387,0.45161290322580644,2.6451612903225805,73.47333868176887,16.419354838709676,90,5,0,0,0,2.4283549999818206
density,0.1,local,7,mixed,20,0.1,2915,223,3352,242,2547,164,62,62,0,True,0,0,31,1898,368,2.4193548387096775,0.4838709677419355,1.935483870967742,206.6912996402431,61.225806451612904,51,11,12,0,0,6.545010374975391
density,0.1,full,2,mixed,20,0.1,2684,209,3195,230,2395,148,62,62,0,True,0,0,31,1240,289,6.548387096774194,4.967741935483871,1.5806451612903225,57.6302015876037,40.0,0,0,0,0,620,1.9186640830012038
density,0.1,full,3,mixed,20,0.1,2653,216,3147,238,2292,150,62,62,0,True,0,0,31,1240,361,6.612903225806452,4.838709677419355,1.7741935483870968,40.77784796132737,40.0,0,0,0,0,620,1.4065255839959718
density,0.1,full,7,mixed,20,0.1,2861,220,3309,237,2547,164,62,62,0,True,0,0,31,1222,314,9.161290322580646,7.161290322580645,2.0,61.39441271455238,39.41935483870968,0,0,0,0,602,2.0403085419675335
density,0.1,full,4,mixed,20,0.1,2911,195,3310,211,2369,159,62,62,0,True,0,0,31,1230,542,8.32258064516129,5.967741935483871,2.3548387096774195,93.5673991991808,39.67741935483871,0,0,0,0,608,3.0194441250059754
density,0.1,local,5,mixed,20,0.1,2746,245,3177,260,2367,150,62,62,0,True,0,0,31,1937,379,2.806451612903226,0.3870967741935484,2.4193548387096775,288.38119754800573,62.483870967741936,63,9,14,0,0,9.046651083044708
density,0.1,full,6,mixed,20,0.1,2605,203,3090,226,2318,145,62,62,0,True,0,0,31,1239,287,8.129032258064516,6.225806451612903,1.903225806451613,70.570825390713,39.96774193548387,0,0,0,0,616,2.3585586250410415
density,0.1,local,1,mixed,20,0.1,2923,217,3411,250,2532,167,62,62,0,True,0,0,31,2277,391,3.4516129032258065,0.5806451612903226,2.870967741935484,340.2929354849602,73.45161290322581,71,15,19,1,0,10.736059499962721
density,0.1,full,9,mixed,20,0.1,2731,222,3141,248,2443,173,62,62,0,True,0,0,31,1233,288,9.935483870967742,7.258064516129032,2.6774193548387095,66.79639384345782,39.774193548387096,0,0,0,0,615,2.2271069159614854
density,0.1,full,1,mixed,20,0.1,2888,205,3418,238,2532,167,62,62,0,True,0,0,31,1218,356,10.580645161290322,7.387096774193548,3.193548387096774,229.36517606309104,39.29032258064516,0,0,0,0,602,7.300146583002061
density,0.15,local,2,mixed,20,0.15,2866,211,3376,234,2395,148,62,62,0,True,0,0,45,2390,471,2.2666666666666666,0.35555555555555557,1.9111111111111112,69.05076295628938,53.111111111111114,76,6,20,0,0,3.2612389169516973
density,0.1,full,5,mixed,20,0.1,2854,215,3372,230,2367,150,62,62,0,True,0,0,31,1231,487,8.580645161290322,6.354838709677419,2.225806451612903,216.78031183921942,39.70967741935484,0,0,0,0,612,6.858134791022167
density,0.15,local,3,mixed,20,0.15,2654,244,3041,264,2292,150,62,62,0,True,0,0,45,2021,362,2.2444444444444445,0.2,2.0444444444444443,78.6504564819754,44.91111111111111,79,7,13,0,0,3.684544499963522
density,0.15,local,7,mixed,20,0.15,2934,189,3442,221,2547,164,62,62,0,True,0,0,45,2001,387,2.088888888888889,0.4666666666666667,1.6222222222222222,72.28766662301496,44.46666666666667,66,14,14,0,0,3.404821875039488
density,0.15,local,4,mixed,20,0.15,2870,206,3362,237,2369,159,62,62,0,True,0,0,45,2357,501,2.4444444444444446,0.28888888888888886,2.1555555555555554,137.46636762128523,52.37777777777778,86,10,14,0,0,6.303806958021596
density,0.15,solo,0,mixed,20,0.15,3034,276,3635,287,2584,175,62,62,0,True,0,0,45,317,450,2.1777777777777776,0.06666666666666667,2.111111111111111,27.968121263095075,7.044444444444444,96,1,0,0,0,1.4757618340081535
density,0.15,local,0,mixed,20,0.15,2974,254,3548,265,2584,175,62,62,0,True,0,0,45,2732,390,2.466666666666667,0.35555555555555557,2.111111111111111,244.4713120892023,60.71111111111111,76,19,15,0,0,11.22485045803478
density,0.15,local,6,mixed,20,0.15,2877,235,3397,274,2318,145,62,62,0,True,0,0,45,3758,559,3.1777777777777776,0.7777777777777778,2.4,172.61810284237276,83.5111111111111,97,11,33,1,0,7.968278124986682
density,0.15,solo,2,mixed,20,0.15,2985,225,3534,241,2395,148,62,62,0,True,0,0,45,283,590,2.1777777777777776,0.1111111111111111,2.066666666666667,16.85695923968322,6.288888888888889,97,1,0,0,0,0.8881624159985222
density,0.1,full,8,mixed,20,0.1,3091,217,3665,242,2370,148,62,62,0,True,0,0,31,1240,721,13.580645161290322,10.67741935483871,2.903225806451613,447.4607310332959,40.0,0,0,0,0,620,13.988256500044372
density,0.15,solo,3,mixed,20,0.15,2774,268,3206,281,2292,150,62,62,0,True,0,0,45,271,482,2.1777777777777776,0.0,2.1777777777777776,19.23764630789972,6.022222222222222,96,0,0,0,0,0.9847974170115776
density,0.15,solo,4,mixed,20,0.15,2812,199,3301,214,2369,159,62,62,0,True,0,0,45,278,443,2.2,0.0,2.2,24.016152710343402,6.177777777777778,99,0,0,0,0,1.1931298749987036
density,0.15,solo,5,mixed,20,0.15,2928,194,3487,224,2367,150,62,62,0,True,0,0,45,258,561,1.9777777777777779,0.0,1.9777777777777779,29.362176890329767,5.733333333333333,89,0,0,0,0,1.4701254580286331
density,0.15,solo,7,mixed,20,0.15,2931,179,3450,215,2547,164,62,62,0,True,0,0,45,254,384,1.7777777777777777,0.1111111111111111,1.6666666666666667,11.947250890079886,5.644444444444445,79,1,0,0,0,0.6860218339716084
density,0.15,solo,1,mixed,20,0.15,3232,331,3636,366,2532,167,62,62,0,True,0,0,45,332,700,2.8,0.0,2.8,89.19895086566815,7.377777777777778,124,0,0,0,0,4.289748041017447
density,0.15,solo,6,mixed,20,0.15,2958,238,3455,277,2318,145,62,62,0,True,0,0,45,795,640,2.8,0.4,2.4,60.98378885071725,17.666666666666668,120,2,3,0,0,2.9382353329565376
density,0.15,local,5,mixed,20,0.15,2835,188,3378,212,2367,150,62,62,0,True,0,0,45,2170,468,2.022222222222222,0.2,1.8222222222222222,280.029205531658,48.22222222222222,73,10,8,0,0,12.7389985829941
density,0.15,local,1,mixed,20,0.15,3093,372,3549,406,2532,167,62,62,0,True,0,0,45,3594,561,3.4444444444444446,0.7777777777777778,2.6666666666666665,376.42492677550763,79.86666666666666,99,29,24,1,0,17.327727083000354
density,0.15,solo,9,mixed,20,0.15,3092,236,3687,243,2443,173,62,62,0,True,0,0,45,552,649,3.111111111111111,0.3111111111111111,2.8,74.36685657594353,12.266666666666667,135,5,0,0,0,3.542570917052217
density,0.15,local,9,mixed,20,0.15,3056,206,3573,229,2443,173,62,62,0,True,0,0,45,3470,613,3.3333333333333335,0.6666666666666666,2.6666666666666665,227.127711119182,77.11111111111111,97,24,29,1,0,10.411862790992018
density,0.15,full,2,mixed,20,0.15,2824,215,3343,231,2395,148,62,62,0,True,0,0,45,1800,429,7.0,5.0,2.0,76.9030878876543,40.0,0,0,0,0,900,3.6573406670358963
density,0.15,solo,8,mixed,20,0.15,3203,258,3633,289,2370,148,62,62,0,True,0,0,45,469,833,3.2222222222222223,0.4444444444444444,2.8,153.08231290869622,10.422222222222222,141,2,0,1,0,7.015189375029877
density,0.15,full,3,mixed,20,0.15,2655,209,3007,224,2292,150,62,62,0,True,0,0,45,1736,363,5.7555555555555555,3.688888888888889,2.066666666666667,73.94821568676788,38.577777777777776,0,0,0,0,850,3.488897542003542
density,0.15,full,0,mixed,20,0.15,3068,208,3622,250,2584,175,62,62,0,True,0,0,45,1741,484,10.2,7.8,2.4,147.5108221781233,38.68888888888889,0,0,0,0,860,6.910460542014334
density,0.15,full,4,mixed,20,0.15,2780,182,3280,204,2369,159,62,62,0,True,0,0,45,1800,411,7.355555555555555,5.511111111111111,1.8444444444444446,83.88345737734602,40.0,0,0,0,0,900,3.8944692499935627
density,0.15,full,7,mixed,20,0.15,2941,185,3457,217,2547,164,62,62,0,True,0,0,45,1800,394,9.4,7.688888888888889,1.711111111111111,50.02231298195612,40.0,0,0,0,0,900,2.3715807500411756
density,0.1,local,8,mixed,20,0.1,3172,236,3769,274,2370,148,62,62,0,True,0,0,31,4917,802,5.129032258064516,1.8064516129032258,3.3225806451612905,1039.193701620529,158.61290322580646,105,23,29,2,0,32.32068354199873
density,0.15,full,5,mixed,20,0.15,2832,169,3383,194,2367,150,62,62,0,True,0,0,45,1800,465,8.177777777777777,6.466666666666667,1.711111111111111,177.64276126528986,40.0,0,0,0,0,900,8.104470291989855
density,0.15,full,9,mixed,20,0.15,3050,191,3581,217,2443,173,62,62,0,True,0,0,45,1800,607,7.844444444444444,4.933333333333334,2.911111111111111,107.11091938428581,40.0,0,0,0,0,900,4.999058042012621
density,0.15,full,6,mixed,20,0.15,2976,258,3542,297,2318,145,62,62,0,True,0,0,45,1764,658,9.28888888888889,6.822222222222222,2.466666666666667,165.60888048649454,39.2,0,0,0,0,864,7.633506624959409
density,0.15,full,1,mixed,20,0.15,3164,279,3554,294,2532,167,62,62,0,True,0,0,45,1749,632,9.822222222222223,6.7555555555555555,3.066666666666667,256.0823888905967,38.86666666666667,5,0,0,0,839,11.721872499969322
density,0.15,local,8,mixed,20,0.15,3151,250,3577,277,2370,148,62,62,0,True,0,0,45,5369,781,3.933333333333333,0.9111111111111111,3.0444444444444443,834.9670471921046,119.31111111111112,118,14,43,1,0,37.67594987503253
density,0.15,full,8,mixed,20,0.15,3676,417,4153,432,2370,148,62,62,0,True,0,0,45,9958,1306,7.088888888888889,3.8444444444444446,3.2444444444444445,9054.382256529709,221.2888888888889,59,0,3,0,460,407.5711931249825
