sweep,x,strategy,seed,dtype,n_agents,density,alter_penalty,soc,makespan,soc_total,steps,nominal_soc,nominal_makespan,tasks_done,tasks_total,tasks_lost,all_done,collisions,guard_hits,n_disruptions,messages,soc_overhead,throughput,emergency_n,emergency_on_time,emergency_lateness,altered_mean,collateral_mean,direct_mean,repair_ms_mean,msgs_per_disruption,tier1,tier2,tier3,tier4,tier5,tier6,chained,wall_s
lambda,0.0,local,1,mixed,40,0.03,0.0,5949,227,7083,257,5456,183,122,122,0,True,0,0,12,2353,493,0.5374449339207048,2,0.5,0.5,5.25,2.0833333333333335,3.1666666666666665,244.95012158270887,196.08333333333334,25,14,16,0,0,8,3,3.868606167001417
lambda,0.0,local,2,mixed,40,0.03,0.0,5395,222,6497,235,5094,159,122,122,0,True,0,0,12,2338,301,0.5495495495495496,2,0.5,8.5,5.166666666666667,1.75,3.4166666666666665,269.8095314141635,194.83333333333334,30,14,15,3,0,0,0,3.9246060839941492
lambda,0.0,local,6,mixed,40,0.03,0.0,5211,252,6218,274,5009,186,122,122,0,True,0,0,12,1598,202,0.48412698412698413,2,0.0,3.5,3.4166666666666665,0.5,2.9166666666666665,424.58783000256517,133.16666666666666,26,10,5,0,0,0,0,5.751757500009262
lambda,0.0,local,7,mixed,40,0.03,0.0,5759,244,6666,257,5378,199,122,122,0,True,0,0,12,2218,381,0.5,2,0.5,2.0,6.416666666666667,1.6666666666666667,4.75,434.76446866649593,184.83333333333334,30,20,26,0,0,0,2,6.31084441600251
lambda,0.0,local,9,mixed,40,0.03,0.0,5428,212,6498,248,5156,176,122,122,0,True,0,0,12,1581,272,0.5754716981132075,2,0.0,6.0,3.75,1.5833333333333333,2.1666666666666665,301.9026630863664,131.75,21,13,11,0,0,0,1,4.162765708999359
lambda,0.0,local-flat,1,mixed,40,0.03,0.0,5881,225,7006,255,5456,183,122,122,0,True,0,0,12,1325,425,0.5422222222222223,2,0.5,9.5,3.8333333333333335,1.0833333333333333,2.75,130.06531941694752,110.41666666666667,18,11,17,0,0,0,0,2.328198708986747
lambda,0.0,local-flat,2,mixed,40,0.03,0.0,5395,222,6497,235,5094,159,122,122,0,True,0,0,12,2222,301,0.5495495495495496,2,0.5,8.5,5.166666666666667,1.75,3.4166666666666665,168.98825007835208,185.16666666666666,30,14,15,3,0,0,0,2.5156451249931706
lambda,0.0,local,5,mixed,40,0.03,0.0,5365,191,6259,221,5105,176,122,122,0,True,0,0,12,3244,260,0.6387434554973822,2,0.5,7.5,7.166666666666667,2.0833333333333335,5.083333333333333,693.6727952500709,270.3333333333333,36,19,29,0,0,0,5,9.275717875003465
lambda,0.0,local,8,mixed,40,0.03,0.0,5371,244,6443,258,5062,175,122,122,0,True,0,0,12,1916,309,0.5,2,0.0,10.0,5.0,2.0,3.0,782.7410176663155,159.66666666666666,15,15,30,0,0,0,3,10.154332959005842
lambda,0.0,local,3,mixed,40,0.03,0.0,5215,211,6300,229,4932,154,122,122,0,True,0,0,12,2464,283,0.5781990521327014,2,0.0,10.5,4.916666666666667,0.8333333333333334,4.083333333333333,844.2883575820209,205.33333333333334,35,12,12,0,0,0,0,10.768755666998914
lambda,0.0,local-flat,6,mixed,40,0.03,0.0,5211,252,6218,274,5009,186,122,122,0,True,0,0,12,1394,202,0.48412698412698413,2,0.0,3.5,3.4166666666666665,0.5,2.9166666666666665,176.4460832516003,116.16666666666667,26,10,5,0,0,0,0,2.5581060830008937
lambda,0.0,local-flat,3,mixed,40,0.03,0.0,5215,211,6300,229,4932,154,122,122,0,True,0,0,12,1972,283,0.5781990521327014,2,0.0,10.5,4.916666666666667,0.8333333333333334,4.083333333333333,278.73070849940024,164.33333333333334,35,12,12,0,0,0,0,3.81311045899929
lambda,0.0,local-flat,9,mixed,40,0.03,0.0,5433,206,6497,242,5156,176,122,122,0,True,0,0,12,1296,277,0.5922330097087378,2,0.0,3.0,3.8333333333333335,1.6666666666666667,2.1666666666666665,135.01194449418108,108.0,17,18,11,0,0,0,0,2.1558389160054503
lambda,0.0,local-flat,7,mixed,40,0.03,0.0,5706,251,6626,272,5378,199,122,122,0,True,0,0,12,2167,328,0.4860557768924303,2,1.0,0.0,6.416666666666667,1.6666666666666667,4.75,296.41366308230016,180.58333333333334,32,14,30,0,0,0,0,4.3762187079992145
lambda,0.0,local-flat,5,mixed,40,0.03,0.0,5396,208,6292,233,5105,176,122,122,0,True,0,0,12,2953,291,0.5865384615384616,2,0.5,9.5,6.916666666666667,1.75,5.166666666666667,433.90652425174875,246.08333333333334,36,11,34,0,0,0,0,5.919911375007359
lambda,0.0,local,4,mixed,40,0.03,0.0,5695,211,6655,247,5163,180,122,122,0,True,0,0,12,3324,532,0.5781990521327014,2,0.5,5.5,8.666666666666666,3.6666666666666665,5.0,1280.1313854154916,277.0,25,35,29,0,0,14,2,16.10954441699141
lambda,0.0,local-flat,8,mixed,40,0.03,0.0,5399,245,6508,259,5062,175,122,122,0,True,0,0,12,1867,337,0.49795918367346936,2,0.0,10.5,4.75,1.5833333333333333,3.1666666666666665,490.2411526660823,155.58333333333334,22,12,23,0,0,0,0,6.509439292000025
lambda,1.0,local,1,mixed,40,0.03,1.0,5960,227,7093,257,5456,183,122,122,0,True,0,0,12,2477,504,0.5374449339207048,2,0.5,0.5,5.083333333333333,1.8333333333333333,3.25,250.91524999879766,206.41666666666666,30,11,12,0,0,8,2,3.755884750004043
lambda,1.0,local,2,mixed,40,0.03,1.0,5396,219,6493,232,5094,159,122,122,0,True,0,0,12,2329,302,0.5570776255707762,2,0.5,8.5,5.083333333333333,1.6666666666666667,3.4166666666666665,328.3078403364925,194.08333333333334,33,14,11,3,0,0,0,4.489323082991177
lambda,0.0,local-flat,4,mixed,40,0.03,0.0,5726,211,6706,247,5163,180,122,122,0,True,0,0,12,3876,563,0.5781990521327014,2,0.0,6.5,7.583333333333333,2.6666666666666665,4.916666666666667,865.5086041677956,323.0,33,26,31,1,0,0,0,10.998082999998587
lambda,1.0,local,6,mixed,40,0.03,1.0,5201,251,6207,273,5009,186,122,122,0,True,0,0,12,1675,192,0.4860557768924303,2,0.0,5.0,3.4166666666666665,0.5833333333333334,2.8333333333333335,472.68753824998083,139.58333333333334,29,8,4,0,0,0,1,6.100215209007729
lambda,0.0,local-flat,0,mixed,40,0.03,0.0,5820,223,6720,245,5294,165,122,122,0,True,0,0,12,2476,526,0.547085201793722,2,0.0,3.5,6.5,3.75,2.75,1793.9686700810853,206.33333333333334,26,38,14,0,0,0,0,22.166092250001384
lambda,1.0,local,5,mixed,40,0.03,1.0,5429,226,6326,244,5105,176,122,122,0,True,0,0,12,3302,324,0.5398230088495575,2,0.5,7.5,6.583333333333333,1.25,5.333333333333333,706.6812326678095,275.1666666666667,46,13,18,0,0,0,0,9.207327833006275
lambda,1.0,local,3,mixed,40,0.03,1.0,5216,211,6301,229,4932,154,122,122,0,True,0,0,12,2716,284,0.5781990521327014,2,0.0,10.5,4.833333333333333,0.75,4.083333333333333,1067.7441734987951,226.33333333333334,37,11,10,0,0,0,0,13.315981666994048
lambda,1.0,local,7,mixed,40,0.03,1.0,5790,269,6704,290,5378,199,122,122,0,True,0,0,12,2665,412,0.45353159851301117,2,0.5,13.5,5.916666666666667,1.1666666666666667,4.75,714.8619790871938,222.08333333333334,37,14,19,0,0,0,1,9.400399707999895
lambda,1.0,local-flat,1,mixed,40,0.03,1.0,5878,225,7011,255,5456,183,122,122,0,True,0,0,12,1541,422,0.5422222222222223,2,0.5,9.5,3.75,1.0,2.75,153.86185758082624,128.41666666666666,23,6,16,0,0,0,0,2.61228995800775
lambda,1.0,local,9,mixed,40,0.03,1.0,5388,201,6458,237,5156,176,122,122,0,True,0,0,12,1874,232,0.6069651741293532,2,0.5,1.5,4.333333333333333,2.0833333333333335,2.25,443.615729251178,156.16666666666666,23,8,13,0,0,8,1,5.8545279590034625
lambda,1.0,local,8,mixed,40,0.03,1.0,5372,244,6460,258,5062,175,122,122,0,True,0,0,12,2222,310,0.5,2,0.0,11.5,5.083333333333333,2.1666666666666665,2.9166666666666665,896.0363264183494,185.16666666666666,13,16,32,0,0,0,5,11.32966450000822
lambda,1.0,local-flat,2,mixed,40,0.03,1.0,5397,219,6494,232,5094,159,122,122,0,True,0,0,12,2175,303,0.5570776255707762,2,0.5,8.5,5.083333333333333,1.6666666666666667,3.4166666666666665,194.59361108480758,181.25,33,14,11,3,0,0,0,2.8578168750100303
lambda,1.0,local-flat,3,mixed,40,0.03,1.0,5216,211,6301,229,4932,154,122,122,0,True,0,0,12,2104,284,0.5781990521327014,2,0.0,10.5,4.833333333333333,0.75,4.083333333333333,378.9585380824671,175.33333333333334,37,11,10,0,0,0,0,5.064216708007734
lambda,1.0,local-flat,6,mixed,40,0.03,1.0,5191,251,6198,273,5009,186,122,122,0,True,0,0,12,1423,182,0.4860557768924303,2,0.0,5.0,3.3333333333333335,0.5,2.8333333333333335,219.2576110828668,118.58333333333333,28,7,5,0,0,0,0,3.088655125000514
lambda,1.0,local-flat,5,mixed,40,0.03,1.0,5429,226,6326,244,5105,176,122,122,0,True,0,0,12,2976,324,0.5398230088495575,2,0.5,7.5,6.583333333333333,1.25,5.333333333333333,456.69460766778985,248.0,46,13,18,0,0,0,0,6.244602874998236
lambda,1.0,local-flat,7,mixed,40,0.03,1.0,5739,246,6646,267,5378,199,122,122,0,True,0,0,12,2439,361,0.4959349593495935,2,0.5,8.0,6.416666666666667,1.4166666666666667,5.0,380.7516910031457,203.25,36,15,25,0,0,0,0,5.437944457997219
lambda,1.0,local-flat,9,mixed,40,0.03,1.0,5449,214,6514,250,5156,176,122,122,0,True,0,0,12,1631,293,0.5700934579439252,2,0.0,7.0,3.5833333333333335,1.3333333333333333,2.25,211.19504500044664,135.91666666666666,24,12,7,0,0,0,0,3.1456843329942785
lambda,0.0,local,0,mixed,40,0.03,0.0,5706,222,6619,244,5294,165,122,122,0,True,0,0,12,3242,412,0.5495495495495496,2,0.5,2.5,6.416666666666667,4.166666666666667,2.25,3236.102086833853,270.1666666666667,25,31,21,0,0,0,2,39.631016082988936
lambda,1.0,local-flat,8,mixed,40,0.03,1.0,5401,245,6490,259,5062,175,122,122,0,True,0,0,12,1827,339,0.49795918367346936,2,0.0,11.5,4.0,1.0833333333333333,2.9166666666666665,481.355680415921,152.25,21,9,18,0,0,0,0,6.451289292002912
lambda,3.0,local,2,mixed,40,0.03,3.0,5378,216,6436,229,5094,159,122,122,0,True,0,0,12,1869,284,0.5648148148148148,2,0.5,8.5,4.083333333333333,0.6666666666666666,3.4166666666666665,276.8911180840708,155.75,32,11,5,1,0,0,1,3.841802499999176
lambda,3.0,local,1,mixed,40,0.03,3.0,5884,226,7012,256,5456,183,122,122,0,True,0,0,12,1896,428,0.5398230088495575,2,0.5,8.5,3.0833333333333335,0.3333333333333333,2.75,335.34263891730615,158.0,30,0,7,0,0,0,0,4.761337415999151
lambda,1.0,local-flat,4,mixed,40,0.03,1.0,5676,220,6638,256,5163,180,122,122,0,True,0,0,12,3407,513,0.5545454545454546,2,0.5,2.0,6.75,1.8333333333333333,4.916666666666667,984.1241181699539,283.9166666666667,32,24,24,0,0,0,0,12.408332708990201
lambda,3.0,local,6,mixed,40,0.03,3.0,5193,251,6200,273,5009,186,122,122,0,True,0,0,12,1521,184,0.4860557768924303,2,0.0,5.0,3.3333333333333335,0.5,2.8333333333333335,349.12697900047834,126.75,29,7,4,0,0,0,0,4.702366792000248
lambda,1.0,local,4,mixed,40,0.03,1.0,5697,209,6652,244,5163,180,122,122,0,True,0,0,12,4574,534,0.583732057416268,2,0.5,5.5,8.25,2.6666666666666665,5.583333333333333,2671.475625000312,381.1666666666667,40,28,30,0,0,0,3,32.644928875000915
lambda,3.0,local,7,mixed,40,0.03,3.0,5736,253,6659,274,5378,199,122,122,0,True,0,0,12,3121,358,0.48221343873517786,2,0.0,15.5,6.0,0.9166666666666666,5.083333333333333,635.5146076651484,260.0833333333333,46,10,15,0,0,0,1,8.46009100000083
lambda,3.0,local,5,mixed,40,0.03,3.0,5395,219,6332,237,5105,176,122,122,0,True,0,0,12,3174,290,0.5570776255707762,2,0.5,7.5,6.583333333333333,1.6666666666666667,4.916666666666667,798.8643785004873,264.5,41,17,19,0,0,0,0,10.335444708005525
lambda,1.0,local-flat,0,mixed,40,0.03,1.0,5800,219,6695,241,5294,165,122,122,0,True,0,0,12,2616,506,0.5570776255707762,2,0.0,3.0,6.25,3.5833333333333335,2.6666666666666665,2040.2373716678994,218.0,27,34,14,0,0,0,0,25.10739137500059
lambda,3.0,local-flat,2,mixed,40,0.03,3.0,5377,216,6436,229,5094,159,122,122,0,True,0,0,12,1561,283,0.5648148148148148,2,0.5,8.5,4.166666666666667,0.75,3.4166666666666665,177.00074316599057,130.08333333333334,31,10,8,1,0,0,0,2.6557273749931483
lambda,3.0,local-flat,1,mixed,40,0.03,3.0,5884,226,7012,256,5456,183,122,122,0,True,0,0,12,1756,428,0.5398230088495575,2,0.5,8.5,3.0833333333333335,0.3333333333333333,2.75,236.45615966355157,146.33333333333334,30,0,7,0,0,0,0,3.587205415999051
lambda,3.0,local,9,mixed,40,0.03,3.0,5408,212,6469,248,5156,176,122,122,0,True,0,0,12,2090,252,0.5754716981132075,2,0.0,6.0,3.4166666666666665,1.25,2.1666666666666665,452.29215616564034,174.16666666666666,26,4,11,0,0,0,1,6.012556333007524
lambda,3.0,local,3,mixed,40,0.03,3.0,5235,192,6305,210,4932,154,122,122,0,True,0,0,12,2953,303,0.6354166666666666,2,0.0,5.0,4.25,0.16666666666666666,4.083333333333333,1402.7221874979052,246.08333333333334,45,2,4,0,0,0,0,17.280688458005898
lambda,3.0,local,8,mixed,40,0.03,3.0,5411,245,6511,259,5062,175,122,122,0,True,0,0,12,2171,349,0.49795918367346936,2,0.0,11.0,4.0,0.75,3.25,956.0079200006536,180.91666666666666,29,9,10,0,0,0,0,12.04015724999772
lambda,3.0,local-flat,6,mixed,40,0.03,3.0,5193,251,6200,273,5009,186,122,122,0,True,0,0,12,1351,184,0.4860557768924303,2,0.0,5.0,3.3333333333333335,0.5,2.8333333333333335,185.4198645002422,112.58333333333333,29,7,4,0,0,0,0,2.7520172910008114
lambda,3.0,local-flat,3,mixed,40,0.03,3.0,5235,192,6305,210,4932,154,122,122,0,True,0,0,12,2263,303,0.6354166666666666,2,0.0,5.0,4.25,0.16666666666666666,4.083333333333333,449.60357300199877,188.58333333333334,45,2,4,0,0,0,0,5.891194957992411
lambda,1.0,local,0,mixed,40,0.03,1.0,5737,230,6630,252,5294,165,122,122,0,True,0,0,12,3386,443,0.5304347826086957,2,0.5,3.0,6.0,3.6666666666666665,2.3333333333333335,3958.5068577507627,282.1666666666667,26,25,21,0,0,0,0,48.17474841600051
lambda,3.0,local-flat,5,mixed,40,0.03,3.0,5395,219,6332,237,5105,176,122,122,0,True,0,0,12,2808,290,0.5570776255707762,2,0.5,7.5,6.583333333333333,1.6666666666666667,4.916666666666667,469.20546874874464,234.0,41,17,19,0,0,0,0,6.373236500003259
lambda,3.0,local-flat,9,mixed,40,0.03,3.0,5439,208,6500,244,5156,176,122,122,0,True,0,0,12,1769,283,0.5865384615384616,2,0.0,4.0,3.3333333333333335,1.0833333333333333,2.25,241.66013183397203,147.41666666666666,29,9,2,0,0,0,0,3.4387353329948382
lambda,3.0,local-flat,7,mixed,40,0.03,3.0,5733,253,6655,274,5378,199,122,122,0,True,0,0,12,2712,355,0.48221343873517786,2,0.0,16.5,6.0,0.9166666666666666,5.083333333333333,400.44772224791814,226.0,46,10,15,0,0,0,0,5.620132208001451
lambda,6.0,local,1,mixed,40,0.03,6.0,5900,226,7032,256,5456,183,122,122,0,True,0,0,12,1720,444,0.5398230088495575,2,0.5,8.5,3.0833333333333335,0.3333333333333333,2.75,291.8048960006369,143.33333333333334,32,0,5,0,0,0,0,4.267359582998324
lambda,3.0,local-flat,8,mixed,40,0.03,3.0,5411,245,6511,259,5062,175,122,122,0,True,0,0,12,1843,349,0.49795918367346936,2,0.0,11.0,4.0,0.75,3.25,524.3046944160596,153.58333333333334,29,9,10,0,0,0,0,6.91935262500192
lambda,6.0,local,2,mixed,40,0.03,6.0,5388,218,6452,231,5094,159,122,122,0,True,0,0,12,1782,294,0.5596330275229358,2,0.5,8.5,3.5833333333333335,0.25,3.3333333333333335,302.4456075011888,148.5,35,3,4,1,0,0,0,4.220693416005815
lambda,3.0,local-flat,4,mixed,40,0.03,3.0,5689,219,6674,255,5163,180,122,122,0,True,0,0,12,3940,526,0.5570776255707762,2,1.0,0.0,6.75,1.75,5.0,1065.6715139157313,328.3333333333333,39,24,17,0,0,0,0,13.357507500011707
lambda,3.0,local,4,mixed,40,0.03,3.0,5709,215,6686,251,5163,180,122,122,0,True,0,0,12,4460,546,0.5674418604651162,2,0.5,7.0,6.166666666666667,1.1666666666666667,5.0,2276.852083333021,371.6666666666667,42,20,11,0,0,0,0,27.88374383300834
lambda,6.0,local,7,mixed,40,0.03,6.0,5755,241,6681,262,5378,199,122,122,0,True,0,0,12,2658,377,0.5062240663900415,2,0.0,8.0,5.083333333333333,0.5,4.583333333333333,567.4545208336591,221.5,46,5,9,0,0,0,0,7.6705664589972
lambda,6.0,local,3,mixed,40,0.03,6.0,5289,210,6375,228,4932,154,122,122,0,True,0,0,12,2521,357,0.580952380952381,2,0.0,7.0,4.166666666666667,0.08333333333333333,4.083333333333333,980.4961805857602,210.08333333333334,47,2,0,1,0,0,0,12.254997416996048
lambda,6.0,local,6,mixed,40,0.03,6.0,5223,252,6233,274,5009,186,122,122,0,True,0,0,12,1864,214,0.48412698412698413,2,0.0,5.0,3.0833333333333335,0.16666666666666666,2.9166666666666665,765.1265658350894,155.33333333333334,33,0,4,0,0,0,0,9.641348667006241
lambda,6.0,local,5,mixed,40,0.03,6.0,5394,194,6313,221,5105,176,122,122,0,True,0,0,12,3191,289,0.6288659793814433,2,0.5,7.5,5.083333333333333,0.4166666666666667,4.666666666666667,823.5872083338714,265.9166666666667,49,6,4,0,0,0,0,10.615397959001712
lambda,3.0,local-flat,0,mixed,40,0.03,3.0,5818,227,6713,249,5294,165,122,122,0,True,0,0,12,3245,524,0.5374449339207048,2,0.0,12.0,6.416666666666667,3.5833333333333335,2.8333333333333335,2288.210732749576,270.4166666666667,33,21,23,0,0,0,0,28.11359954100044
lambda,6.0,local-flat,1,mixed,40,0.03,6.0,5900,226,7032,256,5456,183,122,122,0,True,0,0,12,1604,444,0.5398230088495575,2,0.5,8.5,3.0833333333333335,0.3333333333333333,2.75,197.48470825046147,133.66666666666666,32,0,5,0,0,0,0,3.081170582998311
lambda,6.0,local-flat,2,mixed,40,0.03,6.0,5388,218,6452,231,5094,159,122,122,0,True,0,0,12,1685,294,0.5596330275229358,2,0.5,8.5,3.5833333333333335,0.25,3.3333333333333335,210.41641316575502,140.41666666666666,35,3,4,1,0,0,0,2.994362416997319
lambda,6.0,local,9,mixed,40,0.03,6.0,5439,206,6503,242,5156,176,122,122,0,True,0,0,12,1950,283,0.5922330097087378,2,0.0,3.0,3.1666666666666665,0.9166666666666666,2.25,485.64263883357245,162.5,30,4,4,0,0,0,0,6.399493500008248
lambda,6.0,local-flat,3,mixed,40,0.03,6.0,5289,210,6375,228,4932,154,122,122,0,True,0,0,12,2078,357,0.580952380952381,2,0.0,7.0,4.166666666666667,0.08333333333333333,4.083333333333333,371.6546839993195,173.16666666666666,47,2,0,1,0,0,0,5.039832124995883
lambda,3.0,local,0,mixed,40,0.03,3.0,5746,230,6622,252,5294,165,122,122,0,True,0,0,12,3391,452,0.5304347826086957,2,0.5,3.0,5.833333333333333,3.4166666666666665,2.4166666666666665,3975.1577707502292,282.5833333333333,31,22,17,0,0,0,0,48.31683395800064
lambda,6.0,local-flat,6,mixed,40,0.03,6.0,5223,252,6233,274,5009,186,122,122,0,True,0,0,12,1574,214,0.48412698412698413,2,0.0,5.0,3.0833333333333335,0.16666666666666666,2.9166666666666665,318.4200278301432,131.16666666666666,33,0,4,0,0,0,0,4.320320250000805
lambda,6.0,local,8,mixed,40,0.03,6.0,5412,243,6516,257,5062,175,122,122,0,True,0,0,12,2590,350,0.5020576131687243,2,0.0,11.0,3.5833333333333335,0.3333333333333333,3.25,1530.886413249391,215.83333333333334,34,4,5,0,0,0,0,18.974454708994017
lambda,6.0,local-flat,5,mixed,40,0.03,6.0,5394,194,6313,221,5105,176,122,122,0,True,0,0,12,2793,289,0.6288659793814433,2,0.5,7.5,5.083333333333333,0.4166666666666667,4.666666666666667,528.641965251154,232.75,49,6,4,0,0,0,0,7.0631076249992475
lambda,6.0,local-flat,7,mixed,40,0.03,6.0,5755,241,6681,262,5378,199,122,122,0,True,0,0,12,2502,377,0.5062240663900415,2,0.0,8.0,5.083333333333333,0.5,4.583333333333333,439.2236596662163,208.5,46,5,9,0,0,0,0,6.216689541004598
lambda,6.0,local-flat,9,mixed,40,0.03,6.0,5448,206,6502,242,5156,176,122,122,0,True,0,0,12,1854,292,0.5922330097087378,2,0.0,3.0,3.25,0.9166666666666666,2.3333333333333335,243.11623249862654,154.5,32,3,4,0,0,0,0,3.48470245799399
lambda,12.0,local,1,mixed,40,0.03,12.0,5920,226,7050,256,5456,183,122,122,0,True,0,0,12,1460,464,0.5398230088495575,2,0.5,8.5,2.9166666666666665,0.16666666666666666,2.75,165.99730200323393,121.66666666666667,35,0,0,0,0,0,0,2.738161332992604
lambda,12.0,local,2,mixed,40,0.03,12.0,5371,222,6437,235,5094,159,122,122,0,True,0,0,12,1485,277,0.5495495495495496,2,0.5,8.5,3.4166666666666665,0.08333333333333333,3.3333333333333335,146.03314925019126,123.75,37,1,2,1,0,0,0,2.2692735419987002
lambda,6.0,local-flat,8,mixed,40,0.03,6.0,5412,243,6516,257,5062,175,122,122,0,True,0,0,12,2124,350,0.5020576131687243,2,0.0,11.0,3.5833333333333335,0.3333333333333333,3.25,781.2648020044435,177.0,34,4,5,0,0,0,0,9.969234959004098
lambda,12.0,local,3,mixed,40,0.03,12.0,5289,210,6375,228,4932,154,122,122,0,True,0,0,12,1923,357,0.580952380952381,2,0.0,7.0,4.166666666666667,0.08333333333333333,4.083333333333333,422.6880380847433,160.25,47,2,0,1,0,0,0,5.521268292010063
lambda,6.0,local,4,mixed,40,0.03,6.0,5758,219,6753,255,5163,180,122,122,0,True,0,0,12,4465,595,0.5570776255707762,2,0.5,5.5,5.75,0.75,5.0,2436.5154095867183,372.0833333333333,50,12,6,0,0,0,0,29.823400583001785
lambda,6.0,local-flat,4,mixed,40,0.03,6.0,5716,222,6705,258,5163,180,122,122,0,True,0,0,12,3634,553,0.5495495495495496,2,0.5,8.5,6.0,1.0833333333333333,4.916666666666667,1235.4333435820688,302.8333333333333,45,13,13,0,0,0,0,15.403934750007465
lambda,12.0,local,6,mixed,40,0.03,12.0,5233,252,6236,274,5009,186,122,122,0,True,0,0,12,1360,224,0.48412698412698413,2,0.0,5.5,3.0833333333333335,0.08333333333333333,3.0,190.83840633174987,113.33333333333333,34,2,1,0,0,0,0,2.7874327080062358
lambda,12.0,local,5,mixed,40,0.03,12.0,5466,194,6399,223,5105,176,122,122,0,True,0,0,12,2647,361,0.6288659793814433,2,0.5,7.5,5.0,0.08333333333333333,4.916666666666667,554.7387151661193,220.58333333333334,56,2,0,0,0,0,0,7.369517250001081
lambda,12.0,local,9,mixed,40,0.03,12.0,5470,206,6540,242,5156,176,122,122,0,True,0,0,12,2001,314,0.5922330097087378,2,0.0,3.0,3.25,0.75,2.5,341.79371208301745,166.75,37,0,2,0,0,0,0,4.601089417003095
lambda,12.0,local,7,mixed,40,0.03,12.0,5747,241,6683,262,5378,199,122,122,0,True,0,0,12,2568,369,0.5062240663900415,2,0.0,9.0,5.25,0.25,5.0,358.76104191629565,214.0,54,0,8,0,0,0,0,5.142100582990679
lambda,12.0,local-flat,1,mixed,40,0.03,12.0,5920,226,7050,256,5456,183,122,122,0,True,0,0,12,1384,464,0.5398230088495575,2,0.5,8.5,2.9166666666666665,0.16666666666666666,2.75,108.45288558266475,115.33333333333333,35,0,0,0,0,0,0,2.053459417002159
lambda,12.0,local-flat,2,mixed,40,0.03,12.0,5371,222,6437,235,5094,159,122,122,0,True,0,0,12,1428,277,0.5495495495495496,2,0.5,8.5,3.4166666666666665,0.08333333333333333,3.3333333333333335,104.97035050138948,119.0,37,1,2,1,0,0,0,1.8002147500083083
lambda,6.0,local-flat,0,mixed,40,0.03,6.0,5756,233,6652,255,5294,165,122,122,0,True,0,0,12,3168,462,0.5236051502145923,2,0.5,3.5,6.0,3.0833333333333335,2.9166666666666665,2182.424441081821,264.0,43,19,10,0,0,0,0,26.843190874991706
lambda,12.0,local-flat,3,mixed,40,0.03,12.0,5289,210,6375,228,4932,154,122,122,0,True,0,0,12,1764,357,0.580952380952381,2,0.0,7.0,4.166666666666667,0.08333333333333333,4.083333333333333,182.03290649762494,147.0,47,2,0,1,0,0,0,2.6311861669964856
lambda,12.0,local,8,mixed,40,0.03,12.0,5450,244,6559,258,5062,175,122,122,0,True,0,0,12,1988,388,0.5,2,0.0,12.0,3.25,0.16666666666666666,3.0833333333333335,651.2469827515209,165.66666666666666,35,2,2,0,0,0,0,8.414252249989659
lambda,12.0,local-flat,6,mixed,40,0.03,12.0,5233,252,6236,274,5009,186,122,122,0,True,0,0,12,1298,224,0.48412698412698413,2,0.0,5.5,3.0833333333333335,0.08333333333333333,3.0,122.23162491621527,108.16666666666667,34,2,1,0,0,0,0,1.9549110000079963
lambda,12.0,local-flat,7,mixed,40,0.03,12.0,5747,241,6683,262,5378,199,122,122,0,True,0,0,12,2477,369,0.5062240663900415,2,0.0,9.0,5.25,0.25,5.0,359.32442374905804,206.41666666666666,54,0,8,0,0,0,0,5.198668416996952
lambda,12.0,local-flat,5,mixed,40,0.03,12.0,5466,194,6399,223,5105,176,122,122,0,True,0,0,12,2445,361,0.6288659793814433,2,0.5,7.5,5.0,0.08333333333333333,4.916666666666667,464.7869130021718,203.75,56,2,0,0,0,0,0,6.3325870410044445
lambda,12.0,local-flat,9,mixed,40,0.03,12.0,5458,206,6522,242,5156,176,122,122,0,True,0,0,12,1688,302,0.5922330097087378,2,0.0,3.0,3.1666666666666665,0.8333333333333334,2.3333333333333335,283.73285767035367,140.66666666666666,34,2,2,0,0,0,0,4.063605458999518
lambda,0.0,local,1,mixed,20,0.03,0.0,2671,180,3226,217,2532,167,62,62,0,True,0,0,12,378,139,0.34444444444444444,2,0.5,5.5,2.4166666666666665,0.5,1.9166666666666667,33.03095824837025,31.5,18,7,4,0,0,0,1,0.5487136250012554
lambda,0.0,local,0,mixed,20,0.03,0.0,2724,183,3336,218,2584,175,62,62,0,True,0,0,12,233,140,0.33879781420765026,2,1.0,0.0,1.8333333333333333,0.6666666666666666,1.1666666666666667,43.74647575241397,19.416666666666668,7,9,6,0,0,0,1,0.7289972919970751
lambda,0.0,local,2,mixed,20,0.03,0.0,2569,170,3073,189,2395,148,62,62,0,True,0,0,12,244,174,0.36470588235294116,2,1.0,0.0,1.75,0.25,1.5,17.42720483040709,20.333333333333332,15,0,6,0,0,0,0,0.3221169589960482
lambda,0.0,local,4,mixed,20,0.03,0.0,2551,193,2955,219,2369,159,62,62,0,True,0,0,12,244,182,0.32124352331606215,2,0.5,3.5,2.6666666666666665,0.6666666666666666,2.0,12.36505191506391,20.333333333333332,17,6,1,0,0,7,0,0.2375147080019815
lambda,12.0,local-flat,8,mixed,40,0.03,12.0,5450,244,6559,258,5062,175,122,122,0,True,0,0,12,1802,388,0.5,2,0.0,12.0,3.25,0.16666666666666666,3.0833333333333335,421.51471166531945,150.16666666666666,35,2,2,0,0,0,0,5.67461975000333
lambda,0.0,local,6,mixed,20,0.03,0.0,2510,191,3075,226,2318,145,62,62,0,True,0,0,12,238,192,0.32460732984293195,2,1.0,0.0,2.1666666666666665,0.5,1.6666666666666667,21.669343919105206,19.833333333333332,16,5,2,0,0,3,1,0.39014937498723157
lambda,0.0,local,3,mixed,20,0.03,0.0,2501,174,2981,200,2292,150,62,62,0,True,0,0,12,403,209,0.3563218390804598,2,0.5,3.5,2.75,0.4166666666666667,2.3333333333333335,66.98629508294592,33.583333333333336,23,2,8,0,0,0,0,0.9275158340024063
lambda,0.0,local,8,mixed,20,0.03,0.0,2524,193,3063,212,2370,148,62,62,0,True,0,0,12,374,154,0.32124352331606215,2,1.0,0.0,2.8333333333333335,0.9166666666666666,1.9166666666666667,25.48854166889214,31.166666666666668,18,2,7,0,0,7,1,0.40971941698808223
lambda,0.0,local,9,mixed,20,0.03,0.0,2659,198,3150,224,2443,173,62,62,0,True,0,0,12,193,216,0.31313131313131315,2,0.5,0.5,2.0,0.25,1.75,8.603951249824604,16.083333333333332,18,4,2,0,0,0,0,0.2757897499977844
lambda,0.0,local-flat,1,mixed,20,0.03,0.0,2666,173,3221,210,2532,167,62,62,0,True,0,0,12,371,134,0.3583815028901734,2,0.0,4.0,2.3333333333333335,0.4166666666666667,1.9166666666666667,34.41833316658934,30.916666666666668,18,6,4,0,0,0,0,0.5805010839976603
lambda,0.0,local,7,mixed,20,0.03,0.0,2725,251,3175,293,2547,164,62,62,0,True,0,0,12,605,178,0.24701195219123506,2,0.5,5.0,2.5833333333333335,0.6666666666666666,1.9166666666666667,116.2210764196061,50.416666666666664,17,2,11,0,0,0,1,1.498433250002563
lambda,0.0,local-flat,2,mixed,20,0.03,0.0,2569,170,3073,189,2395,148,62,62,0,True,0,0,12,244,174,0.36470588235294116,2,1.0,0.0,1.75,0.25,1.5,17.982708417548565,20.333333333333332,15,0,6,0,0,0,0,0.3259882920101518
lambda,0.0,local-flat,0,mixed,20,0.03,0.0,2722,182,3337,218,2584,175,62,62,0,True,0,0,12,318,138,0.34065934065934067,2,0.0,3.0,1.8333333333333333,0.75,1.0833333333333333,72.0536008302588,26.5,6,6,10,0,0,0,0,1.071593959000893
lambda,0.0,local-flat,4,mixed,20,0.03,0.0,2559,203,2959,229,2369,159,62,62,0,True,0,0,12,288,190,0.3054187192118227,2,0.0,5.5,2.3333333333333335,0.25,2.0833333333333335,13.719857670366764,24.0,20,4,3,0,0,0,0,0.2570370419998653
lambda,0.0,local-flat,3,mixed,20,0.03,0.0,2501,174,2981,200,2292,150,62,62,0,True,0,0,12,366,209,0.3563218390804598,2,0.5,3.5,2.75,0.4166666666666667,2.3333333333333335,39.40315974735616,30.5,23,2,8,0,0,0,0,0.6012579579983139
lambda,0.0,local-flat,6,mixed,20,0.03,0.0,2494,192,3056,227,2318,145,62,62,0,True,0,0,12,497,176,0.3229166666666667,2,1.0,0.0,2.8333333333333335,0.8333333333333334,2.0,29.91818400187185,41.416666666666664,16,4,14,0,0,0,0,0.5149815830081934
lambda,0.0,local-flat,8,mixed,20,0.03,0.0,2538,195,3070,214,2370,148,62,62,0,True,0,0,12,371,168,0.31794871794871793,2,1.0,0.0,2.5,0.5,2.0,25.049868000981707,30.916666666666668,20,2,8,0,0,0,0,0.3944704999885289
lambda,0.0,local-flat,7,mixed,20,0.03,0.0,2719,258,3168,300,2547,164,62,62,0,True,0,0,12,526,172,0.24031007751937986,2,0.0,7.0,2.4166666666666665,0.4166666666666667,2.0,58.56216325022009,43.833333333333336,18,4,6,0,0,0,0,0.8262810410087695
lambda,0.0,local-flat,9,mixed,20,0.03,0.0,2659,198,3150,224,2443,173,62,62,0,True,0,0,12,191,216,0.31313131313131315,2,0.5,0.5,2.0,0.25,1.75,9.005951499905981,15.916666666666666,18,4,2,0,0,0,0,0.3050766669912264
lambda,1.0,local,1,mixed,20,0.03,1.0,2678,183,3236,220,2532,167,62,62,0,True,0,0,12,358,146,0.33879781420765026,2,0.5,4.5,2.3333333333333335,0.5,1.8333333333333333,40.005045169285346,29.833333333333332,18,6,4,0,0,0,1,0.643721957996604
lambda,1.0,local,2,mixed,20,0.03,1.0,2569,170,3073,189,2395,148,62,62,0,True,0,0,12,244,174,0.36470588235294116,2,1.0,0.0,1.75,0.25,1.5,19.187340248511948,20.333333333333332,15,0,6,0,0,0,0,0.33773183399171103
lambda,12.0,local,4,mixed,40,0.03,12.0,5711,210,6723,246,5163,180,122,122,0,True,0,0,12,3804,548,0.580952380952381,2,1.0,0.0,5.25,0.4166666666666667,4.833333333333333,1914.84705566351,317.0,54,3,5,0,0,0,0,23.583528458999353
lambda,1.0,local,4,mixed,20,0.03,1.0,2559,193,2963,219,2369,159,62,62,0,True,0,0,12,242,190,0.32124352331606215,2,0.5,3.5,2.5,0.4166666666666667,2.0833333333333335,15.571697914613955,20.166666666666668,19,6,1,0,0,3,0,0.2928926250024233
lambda,1.0,local,3,mixed,20,0.03,1.0,2501,174,2981,200,2292,150,62,62,0,True,0,0,12,403,209,0.3563218390804598,2,0.5,3.5,2.75,0.4166666666666667,2.3333333333333335,71.30738525180884,33.583333333333336,23,2,8,0,0,0,0,0.9730319169902941
lambda,1.0,local,0,mixed,20,0.03,1.0,2727,190,3337,223,2584,175,62,62,0,True,0,0,12,421,143,0.3263157894736842,2,1.0,0.0,1.8333333333333333,0.75,1.0833333333333333,159.82644791680892,35.083333333333336,7,6,9,0,0,0,1,2.117368457998964
lambda,6.0,local,0,mixed,40,0.03,6.0,5731,224,6631,246,5294,165,122,122,0,True,0,0,12,3738,437,0.5446428571428571,2,0.5,2.5,5.666666666666667,3.0,2.6666666666666665,4478.997354085247,311.5,42,14,12,0,0,0,0,54.394256041996414
lambda,1.0,local,6,mixed,20,0.03,1.0,2512,192,3079,227,2318,145,62,62,0,True,0,0,12,454,194,0.3229166666666667,2,1.0,0.0,2.3333333333333335,0.4166666666666667,1.9166666666666667,33.37708341617448,37.833333333333336,18,4,4,0,0,2,0,0.544941000000108
lambda,1.0,local,8,mixed,20,0.03,1.0,2550,203,3082,222,2370,148,62,62,0,True,0,0,12,375,180,0.3054187192118227,2,1.0,0.0,2.1666666666666665,0.16666666666666666,2.0,38.02332991714744,31.25,23,0,3,0,0,0,0,0.5561808330094209
lambda,1.0,local,9,mixed,20,0.03,1.0,2660,198,3152,224,2443,173,62,62,0,True,0,0,12,214,217,0.31313131313131315,2,0.5,0.5,1.9166666666666667,0.16666666666666666,1.75,12.282347082267128,17.833333333333332,19,2,2,0,0,0,0,0.29106425000645686
lambda,1.0,local-flat,1,mixed,20,0.03,1.0,2678,173,3235,210,2532,167,62,62,0,True,0,0,12,317,146,0.3583815028901734,2,0.0,4.0,2.0833333333333335,0.3333333333333333,1.75,33.42262858253283,26.416666666666668,17,8,0,0,0,0,0,0.5418724999908591
lambda,1.0,local,7,mixed,20,0.03,1.0,2725,251,3175,293,2547,164,62,62,0,True,0,0,12,597,178,0.24701195219123506,2,0.5,5.0,2.5833333333333335,0.6666666666666666,1.9166666666666667,107.2578749153763,49.75,17,2,11,0,0,0,1,1.4197561250039143
lambda,1.0,local-flat,0,mixed,20,0.03,1.0,2750,184,3355,218,2584,175,62,62,0,True,0,0,12,269,166,0.33695652173913043,2,0.0,3.5,1.4166666666666667,0.3333333333333333,1.0833333333333333,64.13877433078596,22.416666666666668,9,4,4,0,0,0,0,0.9482879589922959
lambda,1.0,local-flat,2,mixed,20,0.03,1.0,2569,170,3073,189,2395,148,62,62,0,True,0,0,12,244,174,0.36470588235294116,2,1.0,0.0,1.75,0.25,1.5,15.155121497324822,20.333333333333332,15,0,6,0,0,0,0,0.35615745799441356
lambda,1.0,local-flat,4,mixed,20,0.03,1.0,2561,203,2962,229,2369,159,62,62,0,True,0,0,12,286,192,0.3054187192118227,2,0.0,5.5,2.25,0.16666666666666666,2.0833333333333335,11.406826418048391,23.833333333333332,21,4,1,0,0,0,0,0.22230312500323635
lambda,1.0,local-flat,3,mixed,20,0.03,1.0,2501,174,2981,200,2292,150,62,62,0,True,0,0,12,366,209,0.3563218390804598,2,0.5,3.5,2.75,0.4166666666666667,2.3333333333333335,40.04004866510513,30.5,23,2,8,0,0,0,0,0.6059019160020398
lambda,1.0,local-flat,6,mixed,20,0.03,1.0,2499,192,3062,227,2318,145,62,62,0,True,0,0,12,514,181,0.3229166666666667,2,1.0,0.0,2.4166666666666665,0.4166666666666667,2.0,28.167152748210356,42.833333333333336,19,2,8,0,0,0,0,0.4832914169965079
lambda,1.0,local-flat,8,mixed,20,0.03,1.0,2550,203,3082,222,2370,148,62,62,0,True,0,0,12,365,180,0.3054187192118227,2,1.0,0.0,2.1666666666666665,0.16666666666666666,2.0,43.709979164608136,30.416666666666668,23,0,3,0,0,0,0,0.6155167499964591
lambda,1.0,local-flat,7,mixed,20,0.03,1.0,2719,258,3168,300,2547,164,62,62,0,True,0,0,12,526,172,0.24031007751937986,2,0.0,7.0,2.4166666666666665,0.4166666666666667,2.0,70.60283691923057,43.833333333333336,18,4,6,0,0,0,0,0.9760269999969751
lambda,12.0,local-flat,4,mixed,40,0.03,12.0,5747,215,6756,251,5163,180,122,122,0,True,0,0,12,3594,584,0.5674418604651162,2,0.0,10.5,5.416666666666667,0.3333333333333333,5.083333333333333,1325.9800034999596,299.5,58,1,5,0,0,0,0,16.471638832997996
lambda,1.0,local-flat,9,mixed,20,0.03,1.0,2660,198,3152,224,2443,173,62,62,0,True,0,0,12,212,217,0.31313131313131315,2,0.5,0.5,1.9166666666666667,0.16666666666666666,1.75,12.299583414763523,17.666666666666668,19,2,2,0,0,0,0,0.31261345799430273
lambda,0.0,local-flat,5,mixed,20,0.03,0.0,2569,236,3005,273,2367,150,62,62,0,True,0,0,12,1132,202,0.2627118644067797,2,1.0,0.0,3.5,1.8333333333333333,1.6666666666666667,587.0548125834224,94.33333333333333,17,10,14,0,0,0,0,7.145374292013003
lambda,3.0,local,2,mixed,20,0.03,3.0,2568,169,3073,188,2395,148,62,62,0,True,0,0,12,294,173,0.3668639053254438,2,1.0,0.0,1.5833333333333333,0.08333333333333333,1.5,41.78398250223836,24.5,17,0,2,0,0,0,0,0.6119635840004776
lambda,3.0,local,1,mixed,20,0.03,3.0,2687,183,3245,220,2532,167,62,62,0,True,0,0,12,361,155,0.33879781420765026,2,0.5,4.5,2.0,0.16666666666666666,1.8333333333333333,45.9696910850956,30.083333333333332,20,4,0,0,0,0,0,0.7283222500118427
lambda,3.0,local,4,mixed,20,0.03,3.0,2569,196,2974,222,2369,159,62,62,0,True,0,0,12,311,200,0.3163265306122449,2,0.5,3.5,2.3333333333333335,0.16666666666666666,2.1666666666666665,14.604555416250756,25.916666666666668,22,4,1,0,0,0,0,0.27612241699534934
lambda,3.0,local,3,mixed,20,0.03,3.0,2507,168,2987,193,2292,150,62,62,0,True,0,0,12,444,215,0.36904761904761907,2,1.0,0.0,2.5833333333333335,0.25,2.3333333333333335,59.808267333816424,37.0,24,3,4,0,0,0,0,0.8499058750021504
lambda,3.0,local,6,mixed,20,0.03,3.0,2523,191,3087,226,2318,145,62,62,0,True,0,0,12,334,205,0.32460732984293195,2,0.5,2.5,1.9166666666666667,0.25,1.6666666666666667,31.111892249706823,27.833333333333332,17,0,6,0,0,0,0,0.5319328749901615
lambda,3.0,local,8,mixed,20,0.03,3.0,2524,198,3061,217,2370,148,62,62,0,True,0,0,12,394,154,0.31313131313131315,2,1.0,0.0,1.9166666666666667,0.08333333333333333,1.8333333333333333,36.37785774844815,32.833333333333336,21,0,2,0,0,0,0,0.5621451670012902
lambda,3.0,local,9,mixed,20,0.03,3.0,2654,195,3146,218,2443,173,62,62,0,True,0,0,12,219,211,0.31794871794871793,2,0.5,0.5,2.0,0.25,1.75,11.028253415133804,18.25,19,2,3,0,0,0,0,0.29689212499943096
lambda,3.0,local,7,mixed,20,0.03,3.0,2741,205,3182,229,2547,164,62,62,0,True,0,0,12,525,194,0.3024390243902439,2,0.5,3.0,2.25,0.25,2.0,71.39001025158602,43.75,19,4,3,0,0,0,0,0.983885666995775
lambda,3.0,local,0,mixed,20,0.03,3.0,2745,185,3353,218,2584,175,62,62,0,True,0,0,12,463,161,0.33513513513513515,2,0.5,3.0,1.3333333333333333,0.25,1.0833333333333333,210.12038875051076,38.583333333333336,11,2,3,0,0,0,0,2.7169697499921313
lambda,3.0,local-flat,1,mixed,20,0.03,3.0,2686,183,3248,220,2532,167,62,62,0,True,0,0,12,376,154,0.33879781420765026,2,0.0,8.5,1.9166666666666667,0.08333333333333333,1.8333333333333333,40.10738208550416,31.333333333333332,21,2,0,0,0,0,0,0.6473937499977183
lambda,0.0,local,5,mixed,20,0.03,0.0,2569,206,2993,231,2367,150,62,62,0,True,0,0,12,1174,202,0.30097087378640774,2,0.5,2.0,3.6666666666666665,1.6666666666666667,2.0,975.8722500009753,97.83333333333333,23,4,16,0,0,0,1,11.807129666005494
lambda,3.0,local-flat,2,mixed,20,0.03,3.0,2548,177,3078,196,2395,148,62,62,0,True,0,0,12,385,153,0.3502824858757062,2,0.5,1.0,2.0,0.0,2.0,45.89396533143978,32.083333333333336,23,0,1,0,0,0,0,0.6743903340102406
lambda,3.0,local-flat,4,mixed,20,0.03,3.0,2561,203,2962,229,2369,159,62,62,0,True,0,0,12,286,192,0.3054187192118227,2,0.0,5.5,2.25,0.16666666666666666,2.0833333333333335,11.511097167385742,23.833333333333332,21,4,1,0,0,0,0,0.23303812500671484
lambda,3.0,local-flat,0,mixed,20,0.03,3.0,2736,178,3346,220,2584,175,62,62,0,True,0,0,12,337,152,0.34831460674157305,2,0.0,3.5,1.5833333333333333,0.5,1.0833333333333333,97.55529516769457,28.083333333333332,9,2,8,0,0,0,0,1.373515707993647
lambda,3.0,local-flat,3,mixed,20,0.03,3.0,2507,168,2987,193,2292,150,62,62,0,True,0,0,12,414,215,0.36904761904761907,2,1.0,0.0,2.5833333333333335,0.25,2.3333333333333335,41.78342700106441,34.5,24,3,4,0,0,0,0,0.634429291007109
lambda,3.0,local-flat,6,mixed,20,0.03,3.0,2523,191,3087,226,2318,145,62,62,0,True,0,0,12,315,205,0.32460732984293195,2,0.5,2.5,1.9166666666666667,0.25,1.6666666666666667,22.09710066745174,26.25,17,0,6,0,0,0,0,0.4328539589914726
lambda,3.0,local-flat,8,mixed,20,0.03,3.0,2524,198,3061,217,2370,148,62,62,0,True,0,0,12,362,154,0.31313131313131315,2,1.0,0.0,1.9166666666666667,0.08333333333333333,1.8333333333333333,32.570955001574475,30.166666666666668,21,0,2,0,0,0,0,0.49137649999465793
lambda,3.0,local-flat,9,mixed,20,0.03,3.0,2654,195,3146,218,2443,173,62,62,0,True,0,0,12,217,211,0.31794871794871793,2,0.5,0.5,2.0,0.25,1.75,11.306579832307762,18.083333333333332,19,2,3,0,0,0,0,0.361359167000046
lambda,3.0,local-flat,7,mixed,20,0.03,3.0,2741,205,3182,229,2547,164,62,62,0,True,0,0,12,494,194,0.3024390243902439,2,0.5,3.0,2.25,0.25,2.0,62.19780566849901,41.166666666666664,19,4,3,0,0,0,0,0.8611139999993611
lambda,6.0,local,1,mixed,20,0.03,6.0,2693,183,3251,220,2532,167,62,62,0,True,0,0,12,330,161,0.33879781420765026,2,0.5,4.5,2.0,0.08333333333333333,1.9166666666666667,27.47371874890329,27.5,22,2,0,0,0,0,0,0.513895042007789
lambda,6.0,local,2,mixed,20,0.03,6.0,2568,169,3073,188,2395,148,62,62,0,True,0,0,12,238,173,0.3668639053254438,2,1.0,0.0,1.5833333333333333,0.08333333333333333,1.5,19.974794997930683,19.833333333333332,17,0,2,0,0,0,0,0.3557532500126399
lambda,6.0,local,4,mixed,20,0.03,6.0,2559,203,2960,229,2369,159,62,62,0,True,0,0,12,367,190,0.3054187192118227,2,0.0,5.5,2.3333333333333335,0.16666666666666666,2.1666666666666665,21.8818370825223,30.583333333333332,23,0,4,0,0,0,0,0.3572565840004245
lambda,6.0,local,3,mixed,20,0.03,6.0,2498,178,2982,204,2292,150,62,62,0,True,0,0,12,325,206,0.34831460674157305,2,0.5,3.5,2.5833333333333335,0.25,2.3333333333333335,44.14847883284286,27.083333333333332,25,4,2,0,0,0,0,0.6365094590000808
lambda,1.0,local-flat,5,mixed,20,0.03,1.0,2594,217,3015,242,2367,150,62,62,0,True,0,0,12,1161,227,0.2857142857142857,2,0.0,12.5,3.5,1.5,2.0,577.0648680857752,96.75,24,2,15,0,0,0,0,7.036081124999328
lambda,6.0,local,6,mixed,20,0.03,6.0,2532,191,3100,226,2318,145,62,62,0,True,0,0,12,368,214,0.32460732984293195,2,0.5,1.0,1.75,0.08333333333333333,1.6666666666666667,59.37332266936816,30.666666666666668,19,0,2,0,0,0,0,0.8702595419890713
lambda,6.0,local,7,mixed,20,0.03,6.0,2741,204,3182,229,2547,164,62,62,0,True,0,0,12,555,194,0.30392156862745096,2,0.5,3.0,2.25,0.16666666666666666,2.0833333333333335,59.4212674186565,46.25,21,4,1,0,0,0,0,0.840283833007561
lambda,6.0,local,8,mixed,20,0.03,6.0,2524,198,3061,217,2370,148,62,62,0,True,0,0,12,326,154,0.31313131313131315,2,1.0,0.0,1.9166666666666667,0.08333333333333333,1.8333333333333333,21.148510419152444,27.166666666666668,21,0,2,0,0,0,0,0.3559537499968428
lambda,6.0,local,9,mixed,20,0.03,6.0,2667,202,3164,228,2443,173,62,62,0,True,0,0,12,221,224,0.3069306930693069,2,0.5,0.5,1.6666666666666667,0.0,1.6666666666666667,13.869308917492162,18.416666666666668,20,0,0,0,0,0,0,0.3138613330083899
lambda,6.0,local,0,mixed,20,0.03,6.0,2748,185,3363,218,2584,175,62,62,0,True,0,0,12,437,164,0.33513513513513515,2,0.5,3.0,1.1666666666666667,0.08333333333333333,1.0833333333333333,205.21172224956294,36.416666666666664,12,2,0,0,0,0,0,2.684660665996489
lambda,6.0,local-flat,1,mixed,20,0.03,6.0,2692,183,3254,220,2532,167,62,62,0,True,0,0,12,347,160,0.33879781420765026,2,0.0,8.5,1.9166666666666667,0.0,1.9166666666666667,25.555097163305618,28.916666666666668,23,0,0,0,0,0,0,0.44650174998969305
lambda,6.0,local-flat,2,mixed,20,0.03,6.0,2552,181,3083,200,2395,148,62,62,0,True,0,0,12,311,157,0.3425414364640884,2,0.5,1.0,2.0,0.0,2.0,19.341715252570186,25.916666666666668,24,0,0,0,0,0,0,0.33532462498988025
lambda,12.0,local-flat,0,mixed,40,0.03,12.0,5708,221,6610,243,5294,165,122,122,0,True,0,0,12,3074,414,0.5520361990950227,2,0.5,3.0,5.333333333333333,2.75,2.5833333333333335,2269.3361285819265,256.1666666666667,46,10,8,0,0,0,0,27.84675708299619
lambda,6.0,local-flat,4,mixed,20,0.03,6.0,2559,203,2960,229,2369,159,62,62,0,True,0,0,12,345,190,0.3054187192118227,2,0.0,5.5,2.3333333333333335,0.16666666666666666,2.1666666666666665,15.07846516930537,28.75,23,0,4,0,0,0,0,0.27137908300210256
lambda,6.0,local-flat,3,mixed,20,0.03,6.0,2498,178,2982,204,2292,150,62,62,0,True,0,0,12,306,206,0.34831460674157305,2,0.5,3.5,2.5833333333333335,0.25,2.3333333333333335,25.41617000194189,25.5,25,4,2,0,0,0,0,0.42469516600249335
lambda,6.0,local-flat,0,mixed,20,0.03,6.0,2748,184,3359,218,2584,175,62,62,0,True,0,0,12,293,164,0.33695652173913043,2,0.0,3.5,1.25,0.16666666666666666,1.0833333333333333,93.43349292006071,24.416666666666668,11,2,2,0,0,0,0,1.3306052920088405
lambda,6.0,local-flat,6,mixed,20,0.03,6.0,2532,191,3100,226,2318,145,62,62,0,True,0,0,12,346,214,0.32460732984293195,2,0.5,1.0,1.75,0.08333333333333333,1.6666666666666667,38.230600749860365,28.833333333333332,19,0,2,0,0,0,0,0.6053995409893105
lambda,1.0,local,5,mixed,20,0.03,1.0,2603,209,3007,231,2367,150,62,62,0,True,0,0,12,1353,236,0.2966507177033493,2,0.5,12.5,3.1666666666666665,1.1666666666666667,2.0,974.8103124172,112.75,26,3,8,0,0,0,1,11.827491207994171
lambda,6.0,local-flat,8,mixed,20,0.03,6.0,2524,198,3061,217,2370,148,62,62,0,True,0,0,12,298,154,0.31313131313131315,2,1.0,0.0,1.9166666666666667,0.08333333333333333,1.8333333333333333,11.727597169131817,24.833333333333332,21,0,2,0,0,0,0,0.24941833299817517
lambda,6.0,local-flat,7,mixed,20,0.03,6.0,2735,204,3176,236,2547,164,62,62,0,True,0,0,12,430,188,0.30392156862745096,2,0.0,5.0,2.1666666666666665,0.08333333333333333,2.0833333333333335,40.43668066515238,35.833333333333336,22,2,1,0,0,0,0,0.6290773750079097
lambda,6.0,local-flat,9,mixed,20,0.03,6.0,2667,202,3164,228,2443,173,62,62,0,True,0,0,12,206,224,0.3069306930693069,2,0.5,0.5,1.6666666666666667,0.0,1.6666666666666667,15.549493166569542,17.166666666666668,20,0,0,0,0,0,0,0.41087870800402015
lambda,12.0,local,1,mixed,20,0.03,12.0,2693,183,3251,220,2532,167,62,62,0,True,0,0,12,288,161,0.33879781420765026,2,0.5,4.5,2.0,0.08333333333333333,1.9166666666666667,17.738934002409223,24.0,22,2,0,0,0,0,0,0.4368241659976775
lambda,12.0,local,2,mixed,20,0.03,12.0,2552,181,3083,200,2395,148,62,62,0,True,0,0,12,298,157,0.3425414364640884,2,0.5,1.0,2.0,0.0,2.0,20.533249917207286,24.833333333333332,24,0,0,0,0,0,0,0.42545670800609514
lambda,12.0,local,3,mixed,20,0.03,12.0,2540,180,3028,206,2292,150,62,62,0,True,0,0,12,336,248,0.34444444444444444,2,0.0,8.0,2.25,0.0,2.25,12.58784725117342,28.0,27,0,0,0,0,0,0,0.28501624999626074
lambda,12.0,local,4,mixed,20,0.03,12.0,2577,203,2982,229,2369,159,62,62,0,True,0,0,12,302,208,0.3054187192118227,2,0.0,5.5,2.0833333333333335,0.0,2.0833333333333335,15.202871583217833,25.166666666666668,24,0,0,0,0,0,0,0.3161969590000808
lambda,12.0,local,6,mixed,20,0.03,12.0,2542,191,3109,226,2318,145,62,62,0,True,0,0,12,254,224,0.32460732984293195,2,0.5,1.0,1.5833333333333333,0.0,1.5833333333333333,19.08741308094856,21.166666666666668,19,0,0,0,0,0,0,0.3769516659958754
lambda,12.0,local,0,mixed,20,0.03,12.0,2748,185,3363,218,2584,175,62,62,0,True,0,0,12,257,164,0.33513513513513515,2,0.5,3.0,1.1666666666666667,0.08333333333333333,1.0833333333333333,70.71182975414558,21.416666666666668,12,2,0,0,0,0,0,1.0901744169968879
lambda,12.0,local,8,mixed,20,0.03,12.0,2531,205,3068,224,2370,148,62,62,0,True,0,0,12,300,161,0.3024390243902439,2,1.0,0.0,1.8333333333333333,0.0,1.8333333333333333,13.214232666844813,25.0,22,0,0,0,0,0,0,0.28119154200248886
lambda,12.0,local,7,mixed,20,0.03,12.0,2745,204,3192,229,2547,164,62,62,0,True,0,0,12,454,198,0.30392156862745096,2,0.5,3.0,2.25,0.16666666666666666,2.0833333333333335,33.40408658186789,37.833333333333336,22,4,0,0,0,0,0,0.5354723749915138
lambda,12.0,local,9,mixed,20,0.03,12.0,2667,202,3164,228,2443,173,62,62,0,True,0,0,12,201,224,0.3069306930693069,2,0.5,0.5,1.6666666666666667,0.0,1.6666666666666667,6.662305586360162,16.75,20,0,0,0,0,0,0,0.23902187500789296
lambda,12.0,local-flat,2,mixed,20,0.03,12.0,2552,181,3083,200,2395,148,62,62,0,True,0,0,12,281,157,0.3425414364640884,2,0.5,1.0,2.0,0.0,2.0,11.715850750382137,23.416666666666668,24,0,0,0,0,0,0,0.2340487920009764
lambda,3.0,local-flat,5,mixed,20,0.03,3.0,2598,210,2997,235,2367,150,62,62,0,True,0,0,12,1186,231,0.29523809523809524,2,0.5,3.0,2.6666666666666665,0.8333333333333334,1.8333333333333333,538.1218782495125,98.83333333333333,29,2,0,0,0,0,0,6.572965333005413
lambda,12.0,local-flat,1,mixed,20,0.03,12.0,2692,183,3254,220,2532,167,62,62,0,True,0,0,12,295,160,0.33879781420765026,2,0.0,8.5,1.9166666666666667,0.0,1.9166666666666667,13.927128414555531,24.583333333333332,23,0,0,0,0,0,0,0.32641433300159406
lambda,12.0,local-flat,3,mixed,20,0.03,12.0,2540,180,3028,206,2292,150,62,62,0,True,0,0,12,321,248,0.34444444444444444,2,0.0,8.0,2.25,0.0,2.25,7.76471533269311,26.75,27,0,0,0,0,0,0,0.2104235000006156
lambda,12.0,local-flat,4,mixed,20,0.03,12.0,2577,203,2982,229,2369,159,62,62,0,True,0,0,12,284,208,0.3054187192118227,2,0.0,5.5,2.0833333333333335,0.0,2.0833333333333335,10.529725417048516,23.666666666666668,24,0,0,0,0,0,0,0.212251249991823
lambda,12.0,local-flat,6,mixed,20,0.03,12.0,2542,191,3109,226,2318,145,62,62,0,True,0,0,12,247,224,0.32460732984293195,2,0.5,1.0,1.5833333333333333,0.0,1.5833333333333333,16.43943041805566,20.583333333333332,19,0,0,0,0,0,0,0.36211854199063964
lambda,12.0,local-flat,7,mixed,20,0.03,12.0,2739,204,3186,236,2547,164,62,62,0,True,0,0,12,375,192,0.30392156862745096,2,0.0,5.0,2.1666666666666665,0.08333333333333333,2.0833333333333335,26.048187417472946,31.25,23,2,0,0,0,0,0,0.40955770800064784
lambda,12.0,local-flat,8,mixed,20,0.03,12.0,2531,205,3068,224,2370,148,62,62,0,True,0,0,12,272,161,0.3024390243902439,2,1.0,0.0,1.8333333333333333,0.0,1.8333333333333333,4.873243001687418,22.666666666666668,22,0,0,0,0,0,0,0.15632145799463615
lambda,12.0,local-flat,0,mixed,20,0.03,12.0,2758,193,3373,218,2584,175,62,62,0,True,0,0,12,260,174,0.32124352331606215,2,0.0,4.0,1.0833333333333333,0.0,1.0833333333333333,73.73626049714706,21.666666666666668,13,0,0,0,0,0,0,1.0779673750075744
lambda,12.0,local-flat,9,mixed,20,0.03,12.0,2667,202,3164,228,2443,173,62,62,0,True,0,0,12,190,224,0.3069306930693069,2,0.5,0.5,1.6666666666666667,0.0,1.6666666666666667,2.8651527488060915,15.833333333333334,20,0,0,0,0,0,0,0.1691479160072049
lambda,3.0,local,5,mixed,20,0.03,3.0,2598,210,2997,235,2367,150,62,62,0,True,0,0,12,1253,231,0.29523809523809524,2,0.5,3.0,2.6666666666666665,0.8333333333333334,1.8333333333333333,847.01873608113,104.41666666666667,29,2,0,0,0,0,0,10.308619041999918
lambda,6.0,local-flat,5,mixed,20,0.03,6.0,2610,208,3016,233,2367,150,62,62,0,True,0,0,12,1019,243,0.2980769230769231,2,0.5,10.0,2.8333333333333335,0.8333333333333334,2.0,404.69187500032905,84.91666666666667,30,2,1,0,0,0,0,4.999578582996037
lambda,12.0,local-flat,5,mixed,20,0.03,12.0,2611,211,3015,236,2367,150,62,62,0,True,0,0,12,900,244,0.2938388625592417,2,0.0,10.5,2.75,0.75,2.0,257.8293922500355,75.0,32,0,0,0,0,0,0,3.2274738749983953
lambda,6.0,local,5,mixed,20,0.03,6.0,2610,208,3016,233,2367,150,62,62,0,True,0,0,12,1072,243,0.2980769230769231,2,0.5,10.0,2.8333333333333335,0.8333333333333334,2.0,669.1377220837845,89.33333333333333,30,2,1,0,0,0,0,8.157258708000882
lambda,12.0,local,5,mixed,20,0.03,12.0,2608,208,3012,233,2367,150,62,62,0,True,0,0,12,921,241,0.2980769230769231,2,0.5,10.0,2.8333333333333335,0.8333333333333334,2.0,427.21374999867595,76.75,31,2,0,0,0,0,0,5.2469260830112034
lambda,12.0,local,0,mixed,40,0.03,12.0,5788,226,6677,248,5294,165,122,122,0,True,0,0,12,3695,494,0.5398230088495575,2,0.5,2.5,5.333333333333333,2.5833333333333335,2.75,3985.66186108413,307.9166666666667,51,9,4,0,0,0,0,48.431610333005665
